card,claim,png,what_the_pixels_show,verdict
6,both module shapes proven headlessly (native AppModule),docs/spike-d9/evidence/native/grab.png,"Real window, title 'OctosCode — native AppModule'; labels 'session: octoscode:main', 'conn: Live'; button 'session/list'. Native widgets, no text dump.",holds
6,both module shapes proven headlessly (contained script bundle),docs/spike-d9/evidence/script/grab.png,"Real window, title 'OctosCode (script)'; 'OctosCode — contained bundle'; 'session: octoscode:host'. A distinct bundle from the native one.",holds
6,Phase-1 core module renders (card #10 successor),docs/phase1/core/evidence/grab-module.png,"Real window 'OctosCode', 'conn: Live', 'sessions: 1', button 'session/list'.",holds
7,pure-OctoScript OUP client over net.web_socket (screenshots),docs/spike-oup-script/evidence/final/grab-stream-diff.png,"A pure-Splash client: heading 'OUP pure-Splash spike', 'pushed server/heartbeat x1', buttons stream/diff. Real pixels.",holds
15,the Stage-B cards are mounted,docs/phase1/integration/evidence/f15-cards-mounted.png,"A TEXT DUMP of the card trees rendered into a Label: literal '[button thread_1] ▸ Why does main.rs print 5?', '[input composer_input]', '[draft]', '[send] Send'; plus a SECOND (fallback) composer below. No card surfaces/bubbles/chips.",does-not-hold
15b,mounted cards render through the L0 runtime (not a text dump),docs/phase1/integration/evidence/f15b-whole-window.png,"Real widgets (composer pill 'Ask for approval', 'v4-flash ▾', round black STOP, 'queued · Steer now'). BUT a tab bar '[01 threads] [03 turn] … [08 composer]' and the left column is clipped at x=0; the macOS wallpaper/menu bar/dock are in frame.",partly
15b,per-slot whole-window /g (01 threads / 03 turn / 04 tools / 08 composer / 09 answer),"docs/phase1/integration/evidence/f15b-window-{01,03,04,08,09}.png","All five: real widgets, but the selected tab is a TAB of one shared window and the left column is consistently clipped at x=0 ('session fc', 'iew PR #256', '...racing how queued steers', 'xed loss of queued steers', 'ning 12 tests'). No user bubble.",partly
15b,side-by-side vs the Gate-B reference,"docs/phase1/integration/evidence/f15b-compare-{01,03,09}.png","Left (#15b native) is clipped at x=0 and shows NO user bubble; right (Gate-B reference) shows the black right-aligned bubble 'Fix the steer queue so queued steers survive a reconnect', 'Working • 12s', and the full prose with 'Worked for 3m 4s ›', bullets, copy/like/share icons + 'Sep 28, 9:41 PM'.",partly
17,3 columns + virtualized lists of L0 components,docs/phase1/integration/evidence/f17-window-replay.png,"Literal kind labels 'user-bubble', 'assistant-prose', 'worked-for', 'answer-actions' over grey gradient placeholders; the items' own text does not appear. Same for f17-virtualized-before/after.png.",does-not-hold
21,the real #16 components are painted on the running app,tmp/f21-evidence/g-1280x800.png,"Placeholders with kind labels ('user-bubble', 'assistant-prose', 'worked-for', 'answer-actions') over grey gradients; composer is the OLD TextInput + 'Steer now / Send / ×' row.",does-not-hold
21b,blocked: the app resolves 9/9 components but paints no item content (pixel-identical to placeholders),docs/cards/21b-placeholder-gate.csv (+ tmp/f21b-evidence/*),"Its pixel claim is exactly right and I confirm the method: real vs forced-placeholder runs are pixel-identical (whole-frame dark<120 = 177.3k-177.4k; user-bubble region min-lum 185, dark<120 = 0). The 'blocked' verdict was correct.",holds
21c,"real components on main: bubble right-aligned, one composer, no row chrome/debug header",tmp/f21c-evidence/g-v1280.png,"This committed capture DOES show a black right-aligned user bubble with real text ('What does 2+3 equal? One wo…', clipped by the window), copy/like/dislike icons + a timestamp, and the #16 composer (pill '+' / 'Ask for approval' / 'v4-flash ▾' / mic / round black send); no kind labels, no debug header. BUT its own crop-1280-timeline.png shows the prose row as a GREY GRADIENT and no bubble — so within this same evidence set the bubble appears in one capture and not in the crop.",partly
21c,"RE-CAPTURE on current main 259de74 (1280x800, replay server, after a real replayed turn)",tmp/f25-evidence/g-current-1280-turn.png,"Real Markdown prose ('`main.rs` prints a single line, `5`…') and a real KitButton 'Worked for 0s' DO paint. But the composer renders as BLANK GREY controls and there is NO visible user bubble (the /snap at this size lists NO userbubble id at all — only i2_assistantprose + i0_workedfor).",does-not-hold
21c,RE-CAPTURE on current main 259de74 (900x800 narrow columns),tmp/f25-evidence/g-current-900x800.png,Same as 1280: assistant prose + 'Worked for 0s' paint; the composer is blank grey; /snap lists userbubble ids = [] (none).,does-not-hold
