feature,src_files,test_files,src_loc
activity,4,1,322
approval,1,0,143
async,2,2,78
attention,4,2,430
autonomy,12,7,2959
btw,2,1,276
commands,3,2,943
composer,11,9,2847
connection,9,7,1340
context,3,2,432
control,9,10,2074
error,2,1,223
fleet,6,4,1848
history,4,2,894
inspection,4,3,572
inventory,1,0,206
markdown,6,3,617
media,2,2,543
models,4,2,1367
onboarding,3,2,680
peers,9,5,2337
preferences,5,6,1816
product-controls,6,5,1356
product-settings,8,4,2474
questions,3,4,342
reasoning,4,3,205
research,1,1,399
resume,2,1,622
review,5,3,1081
session-config,9,13,1178
session-links,4,3,263
session,27,40,11480
shell,8,2,1976
skills,1,1,356
supervision,6,4,1248
timeline,18,10,2876
transcript-export,3,2,252
workspace-create,6,3,1344
workspace,5,3,572
