run,surface,before_nodes,before_min,before_below,after_nodes,after_min,after_below
desktop-dark-approval,approval-card,31,3.62,2,31,4.85,0
desktop-dark-chrome,fresh-chat,29,2.57,4,29,4.85,0
desktop-dark-chrome,model-menu,3,2.57,1,3,5.33,0
desktop-dark-chrome,permission-menu,3,2.57,1,3,5.33,0
desktop-dark-chrome,session-pane,18,4.57,0,19,5.42,0
desktop-dark-chrome,settings-about,12,5.77,0,12,5.77,0
desktop-dark-chrome,settings-connection,18,2.73,1,18,5.77,0
desktop-dark-chrome,settings-general,24,3.16,1,24,5.77,0
desktop-dark-chrome,settings-model,22,4.85,0,22,4.85,0
desktop-dark-chrome,settings-permissions,17,3.62,1,17,5.77,0
desktop-dark-chrome,settings-preferences,13,5.77,0,13,5.77,0
desktop-dark-chrome,settings-sandbox,16,5.77,0,16,5.77,0
desktop-dark-chrome,settings-stop-confirm,4,4.23,1,4,5.24,0
desktop-dark-chrome,sort-menu,1,15.20,0,1,15.20,0
desktop-dark-chrome,turn-completed,30,2.57,3,30,4.85,0
desktop-dark-chrome,turn-stopped,33,1.02,5,33,4.85,0
desktop-dark-chrome,workspace-menu,3,15.20,0,3,15.20,0
desktop-dark-plan,plan,,,,35,4.85,0
desktop-dark-plan,plan-stopped,,,,36,4.85,0
desktop-dark-seats,model-menu,,,,13,5.96,0
desktop-dark-seats,permission-menu,,,,5,5.96,0
desktop-dark-seats,seats-composer,,,,29,4.85,0
desktop-dark-seats,session-pane,,,,18,5.80,0
desktop-dark-surfaces,question-card,37,3.62,1,38,4.85,0
desktop-dark-surfaces,reasoning-answer,32,2.57,4,32,4.85,0
desktop-dark-surfaces,tool-and-files,42,2.57,2,42,4.85,0
desktop-light-approval,approval-card,31,2.57,4,31,5.10,0
desktop-light-chrome,fresh-chat,29,2.57,4,29,4.57,0
desktop-light-chrome,model-menu,3,2.57,1,3,5.33,0
desktop-light-chrome,permission-menu,3,2.57,1,3,5.33,0
desktop-light-chrome,session-pane,18,4.57,0,19,5.42,0
desktop-light-chrome,settings-about,12,5.07,0,12,5.80,0
desktop-light-chrome,settings-connection,18,5.07,0,18,5.80,0
desktop-light-chrome,settings-general,24,5.07,0,24,5.24,0
desktop-light-chrome,settings-model,22,4.46,2,22,5.10,0
desktop-light-chrome,settings-permissions,17,4.57,0,17,4.57,0
desktop-light-chrome,settings-preferences,13,5.07,0,13,5.80,0
desktop-light-chrome,settings-sandbox,16,5.07,0,16,5.80,0
desktop-light-chrome,settings-stop-confirm,4,4.23,1,4,5.24,0
desktop-light-chrome,sort-menu,1,16.83,0,1,16.83,0
desktop-light-chrome,turn-completed,30,2.57,4,30,5.10,0
desktop-light-chrome,turn-stopped,33,2.57,4,33,5.10,0
desktop-light-chrome,workspace-menu,3,16.83,0,3,16.83,0
desktop-light-plan,plan,35,2.57,7,35,5.10,0
desktop-light-plan,plan-stopped,36,2.57,3,36,5.10,0
desktop-light-seats,model-menu,14,2.57,9,13,5.96,0
desktop-light-seats,permission-menu,5,2.57,1,5,5.96,0
desktop-light-seats,seats-composer,29,3.26,2,29,4.57,0
desktop-light-seats,session-pane,19,2.57,1,18,5.80,0
desktop-light-surfaces,question-card,37,2.57,5,37,5.10,0
desktop-light-surfaces,reasoning-answer,32,2.57,3,32,5.10,0
desktop-light-surfaces,tool-and-files,42,2.57,3,42,5.10,0
phone-dark-chrome,fresh-chat,15,2.57,3,15,5.77,0
phone-dark-chrome,model-menu,3,2.57,1,3,5.33,0
phone-dark-chrome,permission-menu,3,2.57,1,3,5.33,0
phone-dark-chrome,session-pane,19,4.57,0,20,5.42,0
phone-dark-chrome,settings-about,5,5.77,0,5,5.77,0
phone-dark-chrome,settings-connection,10,2.73,1,10,5.77,0
phone-dark-chrome,settings-general,16,3.16,1,16,5.77,0
phone-dark-chrome,settings-model,14,4.85,0,14,4.85,0
phone-dark-chrome,settings-permissions,9,3.62,1,9,5.77,0
phone-dark-chrome,settings-preferences,5,5.77,0,5,5.77,0
phone-dark-chrome,settings-sandbox,8,5.77,0,8,5.77,0
phone-dark-chrome,settings-stop-confirm,5,4.23,1,5,5.24,0
phone-dark-chrome,sidebar-drawer,10,4.85,0,10,4.85,0
phone-dark-chrome,turn-completed,16,2.57,2,16,5.77,0
phone-dark-chrome,turn-stopped,15,2.57,2,15,5.77,0
phone-light-approval,approval-card,18,2.57,2,18,5.42,0
phone-light-chrome,fresh-chat,15,2.57,2,15,4.57,0
phone-light-chrome,model-menu,3,2.57,1,3,5.33,0
phone-light-chrome,permission-menu,3,2.57,1,3,5.33,0
phone-light-chrome,session-pane,19,4.57,0,20,5.42,0
phone-light-chrome,settings-about,5,5.07,0,5,5.80,0
phone-light-chrome,settings-connection,10,5.07,0,10,5.80,0
phone-light-chrome,settings-general,16,5.07,0,16,5.24,0
phone-light-chrome,settings-model,14,4.46,2,14,5.10,0
phone-light-chrome,settings-permissions,9,4.57,0,9,4.57,0
phone-light-chrome,settings-preferences,5,5.07,0,5,5.80,0
phone-light-chrome,settings-sandbox,8,5.07,0,8,5.80,0
phone-light-chrome,settings-stop-confirm,5,4.23,1,4,5.24,0
phone-light-chrome,sidebar-drawer,10,3.26,2,10,5.10,0
phone-light-chrome,turn-completed,16,2.57,2,16,5.80,0
phone-light-chrome,turn-stopped,15,2.57,2,15,5.80,0
phone-light-plan,plan,21,2.57,5,21,5.80,0
phone-light-plan,plan-stopped,22,2.57,1,22,5.42,0
phone-light-seats,model-menu,13,2.57,9,12,5.96,0
phone-light-seats,permission-menu,5,2.57,1,5,5.96,0
phone-light-seats,seats-composer,15,4.57,0,15,4.57,0
phone-light-seats,session-pane,23,2.57,1,22,5.80,0
phone-light-surfaces,question-card,23,2.57,3,23,5.80,0
phone-light-surfaces,reasoning-answer,18,2.57,1,18,5.54,0
phone-light-surfaces,tool-and-files,28,2.57,1,28,5.42,0
