01-session-pane	desktop	0	
02-new-chat-defaults	desktop	0	
03-copy-markdown	desktop	0	
04-model-menu	desktop	0	
05-permission-menu	desktop	0	
06-plus-menu	desktop	0	
07-sort-menu	desktop	0	
08-trajectory	desktop	0	
09-sidebar-collapsed	desktop	0	
10-palette	desktop	0	
11-cmd-review	desktop	0	
12-cmd-undo	desktop	0	
13-cmd-rewind	desktop	0	
14-cmd-fork	desktop	0	
15-cmd-peer	desktop	0	
16-cmd-btw	desktop	0	
17-cmd-threads	desktop	0	
18-cmd-turn	desktop	0	
19-cmd-permissions	desktop	0	
20-cmd-gather	desktop	0	
21-cmd-thinking	desktop	0	
22-cmd-images	desktop	0	
23-cmd-ps	desktop	0	
24-cmd-activity	desktop	0	
25-cmd-status	desktop	0	
26-cmd-cost	desktop	0	
27-cmd-model	desktop	0	
28-cmd-sessions	desktop	0	
29-cmd-tools	desktop	0	
30-cmd-mcp	desktop	0	
31-cmd-skills	desktop	0	
32-cmd-research	desktop	0	
33-cmd-agents	desktop	0	
34-cmd-goal	desktop	0	
35-cmd-loop	desktop	0	
36-cmd-monitor	desktop	0	
37-cmd-resume	desktop	0	
