01-session-pane	phone	0	
02-new-chat-defaults	phone	0	
03-model-menu	phone	0	
04-permission-menu	phone	0	
05-plus-menu	phone	0	
06-trajectory	phone	0	
07-palette	phone	0	
08-cmd-review	phone	0	
09-cmd-undo	phone	0	
10-cmd-rewind	phone	0	
11-cmd-fork	phone	0	
12-cmd-peer	phone	0	
13-cmd-btw	phone	0	
14-cmd-threads	phone	0	
15-cmd-turn	phone	0	
16-cmd-permissions	phone	0	
17-cmd-gather	phone	0	
18-cmd-thinking	phone	0	
19-cmd-images	phone	0	
20-cmd-ps	phone	0	
21-cmd-activity	phone	0	
22-cmd-status	phone	0	
23-cmd-cost	phone	0	
24-cmd-model	phone	0	
25-cmd-sessions	phone	0	
26-cmd-tools	phone	0	
27-cmd-mcp	phone	0	
28-cmd-skills	phone	0	
29-cmd-research	phone	0	
30-cmd-agents	phone	0	
31-cmd-goal	phone	0	
32-cmd-loop	phone	0	
33-cmd-monitor	phone	0	
34-cmd-resume	phone	0	
