feature,group,capability,web_src,web_unit_tests,web_e2e_specs,protocol_methods,native_status,native_src,notes
btw,g-autonomy,"btw aside: ask a side question (/btw, alias /aside) that is answered without starting or disturbing the live turn",src-web/apps/web/src/features/commands/registry.ts:186,"src-web/apps/web/src/features/btw/lazy-btw-controller.test.ts:135 (publishes stable answering immediately, bypasses ordinary turn capabilities, and keeps the answer off the transcript)",src-web/e2e/native-workflows.spec.ts:240 (native asides remain ephemeral and owned by their original Session across delayed A to B replies),session/btw,missing,,session/btw is absent from the native client (no SESSION_BTW in appcard/crates/octos-app-transport/src/proto.rs and no aside path in the store)
btw,g-autonomy,btw aside: admission is synchronous and typed (accepted / empty / busy / unavailable / stale) so a rejected command never consumes a draft,src-web/apps/web/src/features/btw/lazy-btw-controller.ts:85,src-web/apps/web/src/features/btw/lazy-btw-controller.test.ts:166 (rejects empty/unavailable commands without factory work or visible state),src-web/e2e/native-workflows.spec.ts:191 (native commands fail closed when the original fixture does not advertise them),session/btw,missing,,no native aside admission; the native client has no /btw surface at all
btw,g-autonomy,btw aside: renders the answer in a complementary 'Aside — /btw' panel that is explicitly not saved to the conversation,src-web/apps/web/src/features/btw/BtwAsidePanel.tsx:22,src-web/apps/web/src/features/btw/lazy-btw-controller.test.ts:135 (keeps the answer off the transcript),src-web/e2e/native-workflows.spec.ts:240 (native asides remain ephemeral and owned by their original Session across delayed A to B replies),session/btw,missing,,note text 'This aside is not saved to the conversation.' at BtwAsidePanel.tsx:42; no native aside panel exists
btw,g-autonomy,btw aside: dismiss the aside with an explicit Dismiss aside control; a late answer stays hidden,src-web/apps/web/src/features/btw/lazy-btw-controller.ts:110,src-web/apps/web/src/features/btw/lazy-btw-controller.test.ts:246 (does not publish a late RPC answer after generation changes),src-web/e2e/native-workflows.spec.ts:240 (native asides remain ephemeral and owned by their original Session across delayed A to B replies),session/btw,missing,,Dismiss aside button at BtwAsidePanel.tsx:25-31; native has no aside to dismiss
btw,g-autonomy,btw aside: each aside is owned by the Session that asked (captured scope); switching Sessions swaps or stales it,src-web/apps/web/src/features/btw/lazy-btw-controller.ts:128,src-web/apps/web/src/features/btw/lazy-btw-controller.test.ts:234 (fails the owning aside immediately on recovery and never replays it),src-web/e2e/native-workflows.spec.ts:240 (native asides remain ephemeral and owned by their original Session across delayed A to B replies),session/btw,missing,,captured-scope boundary in packages/client/src/btw.ts:54-90 (createBtwCommands) and the #current guard; native has no per-session aside
btw,g-autonomy,"btw aside: fails closed when the server does not advertise session/btw (reports the aside unavailable, sends nothing)",src-web/packages/client/src/btw.ts:66,src-web/apps/web/src/features/btw/lazy-btw-controller.test.ts:166 (rejects empty/unavailable commands without factory work or visible state),src-web/e2e/native-workflows.spec.ts:191 (native commands fail closed when the original fixture does not advertise them),session/btw; config/capabilities/list,missing,,BtwProtocolError 'session/btw is not advertised by this server' at btw.ts:71-73; native advertsise-capabilities path (capability/mod.rs) has no btw gate
btw,g-autonomy,btw aside: validates the reply (wrong-Session or empty answer is rejected as a protocol error),src-web/packages/client/src/btw.ts:34,src-web/apps/web/src/features/btw/lazy-btw-controller.test.ts:174 (uses the real lazy client factory when no test seam is provided),src-web/e2e/native-workflows.spec.ts:240 (native asides remain ephemeral and owned by their original Session across delayed A to B replies),session/btw,missing,,parseSessionBtwResult rejects a mismatched session_id or blank answer (btw.ts:34-52); no native parser exists
skills,g-autonomy,"skills dialog: open the Profile skills surface scoped to one server Profile (skills are server-installed, not browser-installed)",src-web/apps/web/src/features/skills/SkillsDialog.tsx:142,src-web/apps/web/src/features/skills/SkillsDialog.test.tsx:17 (hides unadvertised mutation/search controls and does not fabricate inventory),src-web/e2e/profile-mutation.spec.ts:156 (skill writes hold the profile lock through deferred replies and deduplicate confirmation),profile/skills/list,missing,,no native Profile-skills surface: profile/skills/* are AppUI extensions (packages/client/src/skill-methods.ts) with no proto.rs entry or store consumer
skills,g-autonomy,"skills dialog: list installed skills with name, version, tool count and source repo (never fabricated when unadvertised)",src-web/apps/web/src/features/skills/SkillsDialog.tsx:174,src-web/apps/web/src/features/skills/SkillsDialog.test.tsx:17 (does not fabricate inventory when profile/skills/list is unadvertised),src-web/e2e/profile-mutation.spec.ts:156 (skill writes hold the profile lock through deferred replies and deduplicate confirmation),profile/skills/list,missing,,parser at packages/client/src/skills.ts:44 (parseInstalledSkills); native has no installed-skills reader
skills,g-autonomy,"skills dialog: search the skill registry by query and show each package's description, tags, dependencies, license and installed state",src-web/apps/web/src/features/skills/SkillsDialog.tsx:222,src-web/apps/web/src/features/skills/SkillsDialog.test.tsx:17 (hides unadvertised search controls),src-web/e2e/profile-mutation.spec.ts:156 (skill writes hold the profile lock through deferred replies and deduplicate confirmation),profile/skills/registry/search,missing,,registry parser at packages/client/src/skills.ts:79 (parseSkillPackages); no native registry search
skills,g-autonomy,skills dialog: install a skill from a repo/branch only after an explicit review-and-confirm step that warns installation may download executable tools,src-web/apps/web/src/features/skills/SkillsDialog.tsx:300,src-web/apps/web/src/features/skills/SkillsDialog.test.tsx:33 (locks profile mutations while known work runs and warns about executable dependencies),src-web/e2e/profile-mutation.spec.ts:156 (skill writes hold the profile lock through deferred replies and deduplicate confirmation),profile/skills/install,missing,,install path packages/client/src/skills.ts:160; confirmation gate at SkillsDialog.tsx:308-360; native installs nothing
skills,g-autonomy,skills dialog: remove an installed skill only behind an explicit confirmation naming the Profile it applies to,src-web/apps/web/src/features/skills/SkillsDialog.tsx:201,src-web/apps/web/src/features/skills/SkillsDialog.test.tsx:17 (only shows Remove when profile/skills/remove is advertised),src-web/e2e/profile-mutation.spec.ts:156 (skill writes hold the profile lock through deferred replies and deduplicate confirmation),profile/skills/remove,missing,,remove path packages/client/src/skills.ts:188; e2e asserts the write is profile/skills/remove (profile-mutation.spec.ts:210)
skills,g-autonomy,"skills dialog: hold the Profile lock so skill mutations are paused while known work runs, and deduplicate the confirmation",src-web/apps/web/src/features/skills/SkillsDialog.tsx:60,src-web/apps/web/src/features/skills/SkillsDialog.test.tsx:33 (locks profile mutations while known work runs),src-web/e2e/profile-mutation.spec.ts:156 (skill writes hold the profile lock through deferred replies and deduplicate confirmation),profile/skills/install; profile/skills/remove,missing,,profileBusy gate + onMutationStart at SkillsDialog.tsx:49-93; no native profile-mutation lock
skills,g-autonomy,skills jobs: surface the background skill-action job snapshot (SkillActionJobUpdated),src-web/apps/web/src/features/skills/SkillsDialog.tsx:21,,,skill/action/job/updated,missing,,"web-only notification with no native consumer: state.rs:506 is a deliberate empty arm and octos_ui.rs:949 drops it, so there is no production consumer to cite"
