feature,group,capability,web_src,web_unit_tests,web_e2e_specs,protocol_methods,native_status,native_src,notes
session-links,g-timeline,"Copy conversation link from Settings — only with a confirmed session reference, action locked",src-web/apps/web/src/features/session-links/CopySessionLink.tsx:11,src-web/apps/web/src/features/session-links/CopySessionLink.test.tsx:12 (only exposes the settings action with a confirmed reference),src-web/e2e/session-links.spec.ts:279 (reports a copied link only after the clipboard operation succeeds),,missing,,"appcard has no settings surface, no conversation-link action and no URL-clipboard flow."
session-links,g-timeline,Clipboard-denied fallback: visible readonly textarea + 'Conversation link copied' sr-status,src-web/apps/web/src/features/session-links/CopySessionLink.tsx:71,,src-web/e2e/session-links.spec.ts:325 (provides a selected readonly link when clipboard access is denied),,missing,,Fallback is web-clipboard specific (navigator.clipboard.writeText).
session-links,g-timeline,Parse + strictly validate a saved routing tuple (workspaceRoot/profileId/sessionId; 3-part array; 4096/512/1024 caps; reject Cc/Cf; POSIX/drive/UNC path),src-web/apps/web/src/features/session-links/saved-session-link.ts:11,src-web/apps/web/src/features/session-links/saved-session-link.test.ts:16 (preserves an exact confirmed routing tuple); :32 rejects malformed input,src-web/e2e/session-links.spec.ts:235 (rejects invalid links without opening a session),,missing,,Pure browser routing-intent parser; no saved-session-link concept natively.
session-links,g-timeline,"Build navigation URL: strip credential params (token/auth/access_token/api_key), set ?s=, refuse non-http(s) and incomplete reference",src-web/apps/web/src/features/session-links/create-saved-session-url.ts:8,src-web/apps/web/src/features/session-links/saved-session-link.test.ts:55 (replaces only the saved reference and removes connection credentials); :76 (refuses non-web links),src-web/e2e/session-links.spec.ts:235,,missing,,Web-URL specific (URL object + ?s= query param).
session-links,g-timeline,"Open-saved-conversation confirm panel: shows server/workspace; an untrusted bookmark is a visible choice, never an automatic open",src-web/apps/web/src/features/session-links/SavedSessionLinkPanel.tsx:15,src-web/apps/web/src/features/session-links/SavedSessionLinkPanel.test.tsx:22 (keeps the pending open visible and prevents conflicting choices),src-web/e2e/session-links.spec.ts:139 (opens a bookmarked conversation in a fresh browser only after an explicit choice),session/open;session/hydrate,missing,,Opening reaches session/open + session/hydrate (transport has both) but the browser bookmark/confirm panel does not exist natively.
session-links,g-timeline,A saved link from a different workspace is refused before requesting history,src-web/apps/web/src/features/session-links/SavedSessionLinkPanel.tsx:15,,src-web/e2e/session-links.spec.ts:254 (refuses a saved-link candidate with a different workspace before requesting history),session/hydrate,missing,,
attention,g-timeline,Track background turn transitions and maintain an unread count; prefix the tab title '(n) title',src-web/apps/web/src/features/attention/model.ts:24,src-web/apps/web/src/features/attention/model.test.ts:15 (attention transitions),src-web/e2e/attention.spec.ts:155 (a hidden current Session completion notifies once and returning clears its badge),turn/error;projection/envelope;turn/completed,missing,,AttentionTracker is presentation-only memory over background-turn snapshots; appcard has no window-title/tab-count attention.
attention,g-timeline,Foreground attention evidence: a hidden foreground turn is finished only by an explicit terminal record,src-web/apps/web/src/features/attention/model.ts:101,src-web/apps/web/src/features/attention/model.test.ts:154 (foreground attention evidence),,turn/completed;turn/error;projection/envelope,missing,,
attention,g-timeline,"Desktop-notification consent: no permission prompt until the Settings action is used, even with existing permission",src-web/apps/web/src/features/attention/desktop-notifications.ts:27,src-web/apps/web/src/features/attention/desktop-notifications.test.ts:22 (does not prompt or notify without explicit opt-in even with existing permission),src-web/e2e/attention.spec.ts:124 (desktop notifications require Settings opt-in and stay silent while reading),,missing,,Browser Notification API surface; no OS-notification consent model natively.
attention,g-timeline,"Show/close OS notices, focus only on an explicit notification click, handle permission revocation + blocked storage",src-web/apps/web/src/features/attention/desktop-notifications.ts:86,src-web/apps/web/src/features/attention/desktop-notifications.test.ts:83; :95; :130,src-web/e2e/attention.spec.ts:193 (denied desktop permission keeps tab counts working),,missing,,
attention,g-timeline,Acknowledge attention on window focus / visibilitychange; reset baselines on identity change or disconnect,src-web/apps/web/src/features/attention/use-attention.ts:27,,src-web/e2e/attention.spec.ts:231 (a background Session completing while another is selected acknowledges on return),,missing,,React effect wiring; no native equivalent.
attention,g-timeline,AttentionBridge loads after authentication and reports attention settings to the shell,src-web/apps/web/src/features/attention/AttentionBridge.tsx:10,,,,missing,,
