method,kind,web_src,web_tests,native_files,in_appcard_core,native_where
agent/artifact/list,request,1,2,0,1,
agent/artifact/read,request,1,2,0,1,
agent/artifact/updated,notification,0,0,0,1,
agent/close,request,1,2,0,1,
agent/interrupt,request,1,2,0,1,
agent/list,request,3,4,0,1,
agent/output/delta,notification,0,0,0,1,
agent/output/read,request,1,3,0,1,
agent/status/read,request,1,3,0,1,
agent/updated,notification,1,2,0,1,
approval/auto_resolved,notification,1,0,1,1,crates/octos-app-store/src/state.rs
approval/cancelled,notification,1,1,1,1,crates/octos-app-store/src/state.rs
approval/decided,notification,1,3,1,1,crates/octos-app-store/src/state.rs
approval/requested,notification,4,8,4,1,app/src/app/approvals.rs;app/src/app/coding.rs;crates/octos-app-store/src/approvals.rs
approval/respond,request,2,6,1,1,crates/octos-app-transport/src/proto.rs
approval/scopes/list,request,3,4,0,1,
background/activity,notification,0,0,0,1,
config/capabilities/list,?,1,1,0,1,
content/bulk_delete,request,0,0,0,1,
content/delete,request,0,0,0,1,
content/list,request,0,0,0,1,
context/compaction_completed,notification,1,1,0,1,
context/compaction_started,notification,1,1,0,1,
context/normalization_reported,notification,1,0,0,1,
cron/list,request,0,0,0,1,
cron/toggle,request,0,0,0,1,
diff/preview/get,request,2,1,1,1,crates/octos-app-transport/src/proto.rs
file/attached,notification,0,0,0,1,
launch/resolve,request,2,1,0,1,
loop/create,request,2,3,0,1,
loop/delete,request,1,1,0,1,
loop/fire_now,request,1,1,0,1,
loop/fired,notification,1,3,0,1,
loop/list,request,2,4,0,1,
loop/pause,request,1,1,0,1,
loop/resume,request,1,1,0,1,
loop/updated,notification,1,3,0,1,
memory/entity,request,0,0,0,1,
memory/ingest,request,0,0,0,0,
memory/load,request,0,0,0,0,
memory/overview,request,0,0,0,1,
memory/search,request,0,0,0,0,
message/delta,notification,2,1,3,1,crates/octos-app-store/src/state.rs;crates/octos-app-transport/src/proto.rs;crates/octos-app-transport/tests/live_smoke.rs
message/reasoning_delta,notification,2,1,0,1,
monitor/create,request,2,3,0,1,
monitor/delete,request,1,2,0,1,
monitor/expired,notification,1,1,0,1,
monitor/fired,notification,1,2,0,1,
monitor/list,request,2,4,0,1,
monitor/pause,request,1,2,0,1,
monitor/resume,request,1,2,0,1,
monitor/updated,notification,1,2,0,1,
peer/closed,notification,3,1,0,1,
peer/staged,notification,3,1,0,1,
permission/profile/list,request,2,1,0,1,
permission/profile/set,request,2,1,0,1,
plan/updated,notification,1,1,0,1,
profile/local/create,?,2,0,0,1,
progress/updated,notification,2,3,1,1,crates/octos-app-store/src/state.rs
projection/envelope,notification,8,9,0,1,
protocol/replay_lossy,notification,2,3,0,1,
queue/state,notification,0,0,0,1,
review/start,request,3,2,0,1,
router/failover,notification,0,0,0,1,
router/get_metrics,request,0,0,0,1,
router/set_mode,request,0,0,0,1,
router/status,notification,0,0,0,1,
session/btw,request,3,3,0,1,
session/delete,request,2,1,0,1,
session/event,notification,0,0,0,1,
session/files.list,request,2,2,0,1,
session/fork,request,3,3,0,1,
session/goal/clear,request,2,2,0,1,
session/goal/cleared,notification,1,2,0,1,
session/goal/get,request,2,6,0,1,
session/goal/operator_transition,request,0,0,0,1,
session/goal/set,request,2,3,0,1,
session/goal/updated,notification,1,2,0,1,
session/hydrate,request,6,17,1,1,crates/octos-app-transport/src/proto.rs
session/list,request,5,6,1,1,crates/octos-app-transport/src/proto.rs
session/messages_page,request,0,0,0,1,
session/open,notification,5,22,2,1,app/src/backend/octos_ui.rs;crates/octos-app-transport/src/proto.rs
session/orchestration,?,0,0,0,1,
session/rollback,request,3,2,0,1,
session/snapshot,request,0,0,0,1,
session/status.get,request,0,0,0,1,
session/status/read,?,4,1,0,1,
session/tasks.list,request,0,0,0,1,
session/title.set,request,0,0,0,1,
session/workspace.get,request,0,0,0,1,
skill/action/job/updated,notification,0,0,0,1,
smart_home/camera.stream_start,request,0,0,0,1,
smart_home/camera.stream_stop,request,0,0,0,1,
smart_home/device.command,request,0,0,0,1,
smart_home/device.list,request,0,0,0,1,
smart_home/status.get,request,0,0,0,1,
system/status.get,request,0,0,0,1,
task/artifact/list,request,2,0,0,1,
task/artifact/read,request,2,0,0,1,
task/cancel,request,2,0,0,1,
task/list,request,3,2,0,1,
task/output/delta,notification,1,0,1,1,app/src/app/task_dock.rs
task/output/read,request,2,0,1,1,crates/octos-app-transport/src/proto.rs
task/restart_from_node,request,0,0,0,1,
task/updated,notification,1,1,2,1,app/src/app/task_dock.rs;crates/octos-app-store/src/state.rs
thread/graph/get,request,3,4,0,1,
tool/completed,notification,2,1,2,1,app/src/app/task_dock.rs;crates/octos-app-store/src/state.rs
tool/progress,notification,2,1,1,1,app/src/app/task_dock.rs
tool/started,notification,2,1,5,1,app/src/app/task_dock.rs;crates/octos-app-store/src/state.rs;crates/octos-app-transport/src/jsonrpc/mod.rs
turn/completed,notification,4,7,3,1,app/src/backend/octos_ui.rs;crates/octos-app-store/src/state.rs;crates/octos-app-transport/tests/live_smoke.rs
turn/error,notification,5,3,0,1,
turn/interrupt,request,4,10,1,1,crates/octos-app-transport/src/proto.rs
turn/spawn_complete,notification,0,0,0,1,
turn/start,request,8,22,1,1,crates/octos-app-transport/src/proto.rs
turn/started,notification,2,4,1,1,crates/octos-app-store/src/state.rs
turn/state/get,request,6,6,0,1,
turn/steer_dropped,?,1,2,0,1,
user_question/requested,notification,4,5,0,1,
user_question/respond,request,2,5,0,1,
visual/failed,notification,0,0,0,1,
visual/generating,notification,0,0,0,1,
visual/succeeded,notification,0,0,0,1,
voice/audio_chunk,notification,0,0,0,1,
voice/exit,notification,0,0,0,1,
warning,notification,1,4,0,1,
