screen,instance,widget,rect,text,expected_action,observed
dock-error,i0_newchat,KitButton,"[66, 139, 225, 76]",New chat,session.new,"shadowed: the visible dock overlays the chrome (by design) — click lands on the dock, not the control"
dock-error,i0_threadrow,KitButton,"[66, 257, 225, 78]",Why does main.rs print 5?,thread.open,"shadowed: the visible dock overlays the chrome (by design) — click lands on the dock, not the control"
dock-error,i0_composer_0,TextInput,"[349, 403, 300, 42]",Ask Octos anything,,"shadowed: the visible dock overlays the chrome (by design) — click lands on the dock, not the control"
dock-error,plus_hit,Button,"[340, 516, 36, 36]",,(unwired),"shadowed: the visible dock overlays the chrome (by design) — click lands on the dock, not the control"
dock-error,mic_hit,Button,"[615, 514, 36, 36]",,(unwired),"shadowed: the visible dock overlays the chrome (by design) — click lands on the dock, not the control"
dock-error,send_hit,Button,"[659, 508, 44, 44]",,composer.submit,"shadowed: the visible dock overlays the chrome (by design) — click lands on the dock, not the control"
dock-error,btn_reload,KitButton,"[54, 387, 276, 66]",Reload,error.reload,nothing
dock-error,btn_diag,KitButton,"[54, 472, 277, 65]",Copy diagnostics,error.copy_diagnostics,nothing
dock-loading,i0_newchat,KitButton,"[66, 139, 225, 76]",New chat,session.new,"shadowed: the visible dock overlays the chrome (by design) — click lands on the dock, not the control"
dock-loading,i0_threadrow,KitButton,"[66, 257, 225, 78]",Why does main.rs print 5?,thread.open,"shadowed: the visible dock overlays the chrome (by design) — click lands on the dock, not the control"
dock-loading,i0_composer_0,TextInput,"[349, 403, 300, 42]",Ask Octos anything,,"shadowed: the visible dock overlays the chrome (by design) — click lands on the dock, not the control"
dock-loading,plus_hit,Button,"[340, 516, 36, 36]",,(unwired),"shadowed: the visible dock overlays the chrome (by design) — click lands on the dock, not the control"
dock-loading,mic_hit,Button,"[615, 514, 36, 36]",,(unwired),"shadowed: the visible dock overlays the chrome (by design) — click lands on the dock, not the control"
dock-loading,send_hit,Button,"[659, 508, 44, 44]",,composer.submit,"shadowed: the visible dock overlays the chrome (by design) — click lands on the dock, not the control"
chrome-review,i0_newchat,KitButton,"[66, 139, 225, 76]",New chat,session.new,nothing
chrome-review,i0_threadrow,KitButton,"[66, 257, 225, 78]",Why does main.rs print 5?,thread.open,nothing
chrome-review,i0_composer_0,TextInput,"[349, 403, 300, 42]",Ask Octos anything,,nothing
chrome-review,plus_hit,Button,"[340, 516, 36, 36]",,(unwired),nothing
chrome-review,mic_hit,Button,"[615, 514, 36, 36]",,(unwired),"log: design root: ~/.octoscode/design"",""[I] apps/octoscode/module/src/design.rs:301:9 - [oct"
chrome-review,send_hit,Button,"[659, 508, 44, 44]",,composer.submit,"log: design root: ~/.octoscode/design"",""[I] apps/octoscode/module/src/design.rs:301:9 - [oct"
chrome-review,review_toggle_hit,Button,"[522, 79, 105, 34]",,review.toggle,nothing
chrome-review,review_close,Button,"[635, 79, 28, 22]",,review.toggle,nothing
chrome-settings,i0_newchat,KitButton,"[66, 139, 225, 76]",New chat,session.new,nothing
chrome-settings,i0_threadrow,KitButton,"[66, 257, 225, 78]",Why does main.rs print 5?,thread.open,nothing
chrome-settings,i0_composer_0,TextInput,"[349, 403, 300, 42]",Ask Octos anything,,nothing
chrome-settings,plus_hit,Button,"[340, 516, 36, 36]",,(unwired),nothing
chrome-settings,mic_hit,Button,"[615, 514, 36, 36]",,(unwired),"log: design root: ~/.octoscode/design"",""[I] apps/octoscode/module/src/design.rs:301:9 - [oct"
chrome-settings,send_hit,Button,"[659, 508, 44, 44]",,composer.submit,"log: design root: ~/.octoscode/design"",""[I] apps/octoscode/module/src/design.rs:301:9 - [oct"
chrome-settings,settings_disconnect,Button,"[839, 330, 61, 28]",Disconnect,,"log: design root: ~/.octoscode/design"",""[I] apps/octoscode/module/src/design.rs:301:9 - [oct"
