row_id,area,spec,case,status,depth,evidence,reason
1,recovery,e2e-live/glm-model.spec.ts,runs a coding turn with the expected runtime model and restores it after refresh,live-only,,,"live-only: needs a real model turn (Phase 4, outer loop)"
2,conversation,e2e-live/glm-model.spec.ts,keeps a background turn alive while a sibling Session is focused,live-only,,,"live-only: needs a real model turn (Phase 4, outer loop)"
3,conversation,e2e-live/turn-collision.spec.ts,discloses the other client's turn instead of claiming it,live-only,,,"live-only: needs a real model turn (Phase 4, outer loop)"
4,settings,e2e/attention.spec.ts,desktop notifications require Settings opt-in and stay silent while reading,pass,smoke,,"2 checks, all pass"
5,conversation,e2e/attention.spec.ts,a hidden current Session completion notifies once and returning clears its badge,pass,specific,,"7 checks, all pass"
6,,e2e/attention.spec.ts,denied desktop permission keeps tab counts working and Disconnect clears attention,not-yet-implemented,,,missing: Track background turn transitions and maintain an unread count; prefix the tab title '(n) title' [partial]
7,conversation,e2e/attention.spec.ts,a background Session completing while another is selected signals and acknowledges on return,pass,specific,,"7 checks, all pass"
8,connect,e2e/auth-identity.spec.ts,rejects invalid auth before the product shell is ever mounted,not-yet-implemented,,,"missing: gate-mode app instance — the walk app auto-connects to the replay server, so the pre-connection gate states (invalid auth, pairing links, workspace chooser) never mount"
9,settings,e2e/auth-identity.spec.ts,accepts a profile-routable web identity but closes a scoped mismatch,pass,smoke,,"1 checks, all pass"
10,settings,e2e/auth-identity.spec.ts,binds a cross-profile launch to the resolved profile before open,pass,smoke,,"1 checks, all pass"
11,recovery,e2e/canonical-recovery.spec.ts,"refresh shows the interrupted turn with ${canonicalReplay ? ""complete canonical replay"" : ""legacy terminal state""}",pass,specific,docs/walk/evidence/area-recovery.snap.json,"2 checks, all pass"
12,conversation,e2e/capacity-and-peers.spec.ts,holds twelve browser turns and three browser-started native peers on one pooled socket,pass,specific,,"7 checks, all pass"
13,recovery,e2e/chat-handover.spec.ts,an external-held session restores uploaded media and reasoning for an explicit retry,pass,smoke,docs/walk/evidence/area-recovery.snap.json,"1 checks, all pass"
14,recovery,e2e/chat-handover.spec.ts,Resume chat and an owned seat release control before sending once,pass,smoke,docs/walk/evidence/area-recovery.snap.json,"1 checks, all pass"
15,composer,e2e/chat-handover.spec.ts,"a late collision cannot replace newer text or images, then restores the complete draft",pass,specific,,"4 checks, all pass"
16,,e2e/command-surface.spec.ts,fails closed for an unknown command and sends no model input,not-yet-implemented,,,"missing: btw aside: ask a side question (/btw, alias /aside) that is answered without starting or disturbing the live turn [partial]"
17,,e2e/command-surface.spec.ts,opens Activity and inspects the current task in TaskDetailDialog,not-yet-implemented,,,"missing: btw aside: ask a side question (/btw, alias /aside) that is answered without starting or disturbing the live turn [partial]"
18,,e2e/command-surface.spec.ts,keeps /sessions refocus stable on the active Session via sidebar search,not-yet-implemented,,,"missing: btw aside: ask a side question (/btw, alias /aside) that is answered without starting or disturbing the live turn [partial]"
19,,e2e/command-surface.spec.ts,keeps the confirmed fork receipt across parent refresh and opens the exact child without stealing focus,not-yet-implemented,,,"missing: btw aside: ask a side question (/btw, alias /aside) that is answered without starting or disturbing the live turn [partial]"
20,recovery,e2e/command-surface.spec.ts,keeps the workspace restore receipt through canonical refresh without rewinding its conversation,pass,smoke,docs/walk/evidence/area-recovery.snap.json,"1 checks, all pass"
21,composer,e2e/command-surface.spec.ts,keeps the rewind receipt and restores only the owning prompt draft after canonical refresh,pass,specific,,"4 checks, all pass"
22,composer,e2e/command-surface.spec.ts,queues a held gather synthesis only on busy A while B is selected and keeps blackboard refresh read-only,pass,specific,,"4 checks, all pass"
23,,e2e/command-surface.spec.ts,reports an empty filtered gather without sending synthesis or opening a Session,not-yet-implemented,,,"missing: btw aside: ask a side question (/btw, alias /aside) that is answered without starting or disturbing the live turn [partial]"
24,composer,e2e/connection-storage.spec.ts,closed-tab drafts restore only for the authenticated principal and Forget clears that principal,skipped,,,skipped: operator-confirmation-pending (Unsent-draft persistence is browser localStorage/sessionStorage keyed by the connected principal; there is no native-client equivalent.)
25,recovery,e2e/connection-storage.spec.ts,a delayed principal lookup preserves newly typed text and cannot restore a retired identity,skipped,,,skipped: operator-confirmation-pending (Draft restoration is scoped to the browser-stored principal in localStorage/sessionStorage; no native surface is involved.)
26,connect,e2e/connection-storage.spec.ts,failed Forget stays visible across identity edits until saved data can actually be cleared,skipped,,,skipped: operator-confirmation-pending (Clearing saved connection data is a browser localStorage/sessionStorage operation with no native equivalent.)
27,,e2e/connection-storage.spec.ts,denied storage getters still allow an in-memory connection and readable cleanup feedback,skipped,,,skipped: operator-confirmation-pending (Exercises blocked browser storage getters (localStorage/sessionStorage) with an in-memory fallback; there is no native equivalent.)
28,composer,e2e/connection-storage.spec.ts,"a 51st unsent draft evicts the oldest, stays saved, and never blocks navigation",skipped,,,skipped: operator-confirmation-pending (Draft capacity and eviction are browser localStorage cache mechanics with no native equivalent.)
29,composer,e2e/connection-storage.spec.ts,a draft typed while identity loads is never the capacity eviction victim,skipped,,,skipped: operator-confirmation-pending (Draft capacity and eviction are browser localStorage cache mechanics with no native equivalent.)
30,,e2e/copy-conversation.spec.ts,copies the conversation as Markdown from the server's history,not-yet-implemented,,,"missing: Copy a Session conversation as Markdown, read from the server canonical history (not the bounded rendered timeline) [partial]"
31,conversation,e2e/copy-conversation.spec.ts,says there is nothing to copy for a conversation with no messages yet,pass,specific,,"3 checks, all pass"
32,,e2e/copy-conversation.spec.ts,keeps the phone header for the workspace title: no copy button there,skipped,,,skipped: operator-confirmation-pending (A responsive-layout assertion about which header control renders at a phone viewport.)
33,,e2e/delivered-files.spec.ts,"shows files the agent delivers, previews images, downloads them, and keeps them on reload",live-only,,,live-only: state the replay fixtures cannot produce
34,,e2e/delivered-files.spec.ts,says a file could not be loaded instead of failing silently,not-yet-implemented,,,missing: native capability not yet built (see docs/parity-matrix.csv)
35,review,e2e/diff-review.spec.ts,"diff syntax and word marks preserve inert, selectable text in both themes and on mobile",pass,specific,,"3 checks, all pass"
36,review,e2e/diff-review.spec.ts,large previews remain complete and use the plain-text performance fallback,pass,specific,,"3 checks, all pass"
37,review,e2e/diff-review.spec.ts,a missing optional diff grammar retains original text and word marks,pass,specific,,"3 checks, all pass"
38,composer,e2e/draft-recovery.spec.ts,"reload restores exact unsent text without dispatching it, and sent drafts stay cleared",skipped,,,skipped: operator-confirmation-pending (Unsent-draft persistence is browser localStorage behavior with no native-client equivalent.)
39,composer,e2e/draft-recovery.spec.ts,a rejected draft storage write preserves editing and warns before text can be lost,skipped,,,skipped: operator-confirmation-pending (Draft-save failure handling is browser localStorage behavior with no native-client equivalent.)
40,,e2e/driver-discovery.spec.ts,renders a healthy EXTERNAL disclosure from the real empty terminal operations page,not-yet-implemented,,,missing: external driver disclosure: walk the session/driver/get operations chain [missing]
41,,e2e/driver-discovery.spec.ts,renders an INTERNAL disclosure with no binding rows,not-yet-implemented,,,missing: external driver disclosure: walk the session/driver/get operations chain [missing]
42,,e2e/driver-discovery.spec.ts,holds ONLY the first walk of a workspace: same-workspace sibling completes while A stays held,not-yet-implemented,,,missing: external driver disclosure: walk the session/driver/get operations chain [missing]
43,threads,e2e/driver-discovery.spec.ts,A/B: exact synthetic driver ID per selected Session; releasing held A never leaks into a selected B,pass,specific,,"3 checks, all pass"
44,,e2e/driver-discovery.spec.ts,does not admit a walk when ${variant} capability is withheld,not-yet-implemented,,,missing: external driver disclosure: walk the session/driver/get operations chain [missing]
45,,e2e/driver-discovery.spec.ts,surfaces a typed refusal and never mounts a disclosure for it,not-yet-implemented,,,missing: external driver disclosure: walk the session/driver/get operations chain [missing]
46,,e2e/driver-discovery.spec.ts,rejects a MALFORMED disclosure binding at the strict decode boundary,not-yet-implemented,,,missing: external driver disclosure: walk the session/driver/get operations chain [missing]
47,recovery,e2e/driver-discovery.spec.ts,transitions healthy -> refused across a transport reconnect on the SAME record,pass,specific,docs/walk/evidence/area-recovery.snap.json,"2 checks, all pass"
48,recovery,e2e/driver-discovery.spec.ts,transitions malformed -> healthy across a transport reconnect on the SAME record,pass,specific,docs/walk/evidence/area-recovery.snap.json,"2 checks, all pass"
49,,e2e/driver-discovery.spec.ts,"observes a deterministic discovery request: one walk, real params, terminal page",not-yet-implemented,,,missing: external driver disclosure: walk the session/driver/get operations chain [missing]
50,approval,e2e/final-input.spec.ts,approval shortcuts ignore modified keys and IME composition,live-only,,,live-only: state the replay fixtures cannot produce
51,approval,e2e/final-input.spec.ts,long approval remains readable and actionable in a short phone viewport,live-only,,,live-only: state the replay fixtures cannot produce
52,,e2e/final-input.spec.ts,connection actions can be reached by scrolling at 320×320,not-yet-implemented,,,missing: native capability not yet built (see docs/parity-matrix.csv)
53,,e2e/final-input.spec.ts,long questions retain free text and selections after a failed response,not-yet-implemented,,,missing: native capability not yet built (see docs/parity-matrix.csv)
54,composer,e2e/final-input.spec.ts,composer preserves IME confirmation and multiline edits around commands,pass,specific,,"4 checks, all pass"
55,,e2e/final-input.spec.ts,question radio selection keeps backward Tab inside its dialog,not-yet-implemented,,,missing: native capability not yet built (see docs/parity-matrix.csv)
56,,e2e/final-input.spec.ts,phone search and view menus consume Escape before the sessions drawer,not-yet-implemented,,,missing: native capability not yet built (see docs/parity-matrix.csv)
57,longcode,e2e/final-reading.spec.ts,code copy reports rejected and missing clipboard APIs without losing the code,fail,specific,docs/walk/evidence/area-longcode.snap.json,"failing checks: a 227-column code line stays fully readable (wrapped, tail visible)"
58,recovery,e2e/final-reading.spec.ts,sidebar native buttons keep Enter behavior and search Escape restores its trigger,fail,specific,docs/walk/evidence/area-recovery.snap.json,failing checks: Escape closes the settings drawer and the trigger still works
59,,e2e/final-reading.spec.ts,tree focus follows a collapsed parent and no longer references a removed search row,skipped,,,skipped: operator-confirmation-pending (Pure browser focus bookkeeping: tree active-row tracking has no native counterpart.)
60,conversation,e2e/final-reading.spec.ts,360-message history stays readable while new output streams and unsafe Markdown stays inert,pass,specific,,"7 checks, all pass"
61,review,e2e/final-reading.spec.ts,Diff review keeps long headings and file content inside the narrow viewport,pass,specific,,"3 checks, all pass"
62,longcode,e2e/final-reading.spec.ts,a missing optional syntax grammar leaves readable and copyable plain code,skipped,,,skipped: operator-confirmation-pending (About the web client's optional syntax-grammar asset load and its plain-code fallback; no native counterpart.)
63,,e2e/final-reading.spec.ts,task output and artifact controls fit a short phone viewport with long titles,live-only,,,live-only: state the replay fixtures cannot produce
64,,e2e/interaction-ownership.spec.ts,rejects same-base foreign-topic ${kind} and terminal traffic without settling or poisoning the ordinary owner,live-only,,,live-only: state the replay fixtures cannot produce
65,approval,e2e/interaction-ownership.spec.ts,responds to a parked approval from the owning Session with exact ids,live-only,,,live-only: state the replay fixtures cannot produce
66,recovery,e2e/interaction-ownership.spec.ts,restores and resolves a parked question on its owning Session with exact ids,pass,smoke,docs/walk/evidence/area-recovery.snap.json,"1 checks, all pass"
67,,e2e/interaction-ownership.spec.ts,keeps three concurrent parked questions bound to their Sessions and resolves them out of order,live-only,,,live-only: state the replay fixtures cannot produce
68,palette,e2e/keyboard-parity.spec.ts,"opens, navigates, and executes the command palette by keyboard only",pass,specific,,"3 checks, all pass"
69,threads,e2e/keyboard-parity.spec.ts,switches sessions by keyboard and preserves sidebar focus order,pass,specific,,"3 checks, all pass"
70,conversation,e2e/keyboard-parity.spec.ts,Esc closes the palette inertly and interrupts only a live turn,pass,specific,,"7 checks, all pass"
71,approval,e2e/keyboard-parity.spec.ts,Alt+A focuses the pending approval panel and announces when none waits,not-yet-implemented,,,missing: inline approval card — design scene conversation-05 is not in the built batch (design/bindings.json:40); approval/requested reaches the store but has no widget
72,peer,e2e/keyboard-parity.spec.ts,Alt+D focuses Fleet's capability notice; suppressed inside inputs,fail,specific,docs/walk/evidence/area-peer.snap.json,failing checks: Alt+D reaches a fleet capability notice surface to focus
73,peer,e2e/keyboard-parity.spec.ts,"Alt+P toggles the peer dock fold, expanding and collapsing symmetrically",fail,specific,docs/walk/evidence/area-peer.snap.json,failing checks: Alt+P toggles a peer dock fold (expands and collapses)
74,conversation,e2e/loaf.spec.ts,streaming turn stays under the long-frame budget,pass,specific,,"7 checks, all pass"
75,composer,e2e/local-preferences.spec.ts,"five themes and live language/Vim changes preserve two busy Sessions, queued text and local images without RPC",pass,specific,,"4 checks, all pass"
76,,e2e/local-preferences.spec.ts,language changes translate retained ${kind} controls without translating Core content or changing its owner,live-only,,,live-only: state the replay fixtures cannot produce
77,,e2e/local-preferences.spec.ts,"Vim editing keeps Insert Escape and pending-operator Escape local, while Normal Enter uses the existing FIFO",live-only,,,live-only: state the replay fixtures cannot produce
78,composer,e2e/local-preferences.spec.ts,"Vim focus/Session ownership, Unicode deletion, IME and clipboard modifiers never edit another draft or hijack native keys",pass,specific,,"4 checks, all pass"
79,conversation,e2e/local-preferences.spec.ts,"bare Normal Escape interrupts only the selected owner, while Vim changes preserve the other busy Session",pass,specific,,"7 checks, all pass"
80,composer,e2e/local-preferences.spec.ts,only explicit save persists display preferences; reload restores preferences and the separate draft without storing credentials,skipped,,,skipped: operator-confirmation-pending (Display preferences live in browser local storage and draft recovery is browser-local; the workspace connection is the only native touch.)
81,conversation,e2e/modal-a11y.spec.ts,Escape closes the modal and returns focus to its opener,skipped,,,skipped: operator-confirmation-pending (Pure modal focus management in the browser; no native counterpart.)
82,,e2e/modal-a11y.spec.ts,initial focus lands on the surface's first focusable control,skipped,,,skipped: operator-confirmation-pending (Pure modal focus management in the browser; no native counterpart.)
83,,e2e/modal-a11y.spec.ts,Tab and Shift+Tab cycle focus inside the modal only,skipped,,,skipped: operator-confirmation-pending (Pure modal focus management in the browser; no native counterpart.)
84,,e2e/modal-a11y.spec.ts,background content is hidden from assistive tech while open,skipped,,,skipped: operator-confirmation-pending (Pure modal background-hiding bookkeeping in the browser; no native counterpart.)
85,approval,e2e/modal-stack.spec.ts,review above an approval owns Tab and Escape at ${viewport.width}px,not-yet-implemented,,,missing: inline approval card — design scene conversation-05 is not in the built batch (design/bindings.json:40); approval/requested reaches the store but has no widget
86,settings,e2e/modal-stack.spec.ts,canceling a provider confirmation preserves Settings at ${viewport.width}px,pass,smoke,,"2 checks, all pass"
87,settings,e2e/model-management.spec.ts,manages a provider through the DSH-style Models settings flow,pass,specific,,"3 checks, all pass"
88,composer,e2e/model-management.spec.ts,keeps a rejected provider draft while redacting the failure,pass,specific,,"4 checks, all pass"
89,conversation,e2e/multi-session-fence-soak.spec.ts,"holds 12 Sessions + 3 native peers on one pooled socket, refuses a peer-owned interrupt with the fence notice, and keeps per-Session record order",pass,specific,,"7 checks, all pass"
90,composer,e2e/multi-session-recovery-soak.spec.ts,runs bounded repeated waves across three progressing Sessions with per-Session queued followups,pass,specific,,"4 checks, all pass"
91,composer,e2e/multi-session-recovery-soak.spec.ts,"parks a background approval on its owning Session across A/B/C switching, drains its queued followup, and survives an observer reconnect",pass,specific,,"4 checks, all pass"
92,approval,e2e/multi-session-recovery-soak.spec.ts,resolves three concurrent parked background approvals out of order without cross-Session leakage,live-only,,,live-only: state the replay fixtures cannot produce
93,composer,e2e/multi-session-recovery-soak.spec.ts,keeps exactly ONE live transport while an active A and its queued A2 recover across a transport disconnect,pass,specific,,"4 checks, all pass"
94,,e2e/native-workflows.spec.ts,native commands fail closed when the original fixture does not advertise them,not-yet-implemented,,,"missing: native code review: start the server's review specialists from the Session dialog, admitted only when the Session is idle and the server advertises review/start + review.start.v1 [partial]"
95,,e2e/native-workflows.spec.ts,native asides remain ephemeral and owned by their original Session across delayed A to B replies,not-yet-implemented,,,"missing: native code review: start the server's review specialists from the Session dialog, admitted only when the Session is idle and the server advertises review/start + review.start.v1 [partial]"
96,threads,e2e/native-workflows.spec.ts,"thread, turn and remembered-scope inspectors use exact owners and discard closed A reads after B opens",pass,specific,,"3 checks, all pass"
97,composer,e2e/native-workflows.spec.ts,a dropped native steer returns once to its owning FIFO while a different Session is selected,pass,specific,,"4 checks, all pass"
98,recovery,e2e/native-workflows.spec.ts,"goal pause, resume and stop preserve the current objective and budget, and newer notifications cancel stale transitions",pass,smoke,docs/walk/evidence/area-recovery.snap.json,"1 checks, all pass"
99,,e2e/native-workflows.spec.ts,native agent receipts settle terminal status and delayed artifact reads cannot cross Session ownership,not-yet-implemented,,,"missing: native code review: start the server's review specialists from the Session dialog, admitted only when the Session is idle and the server advertises review/start + review.start.v1 [partial]"
100,,e2e/native-workflows.spec.ts,"native maintenance, self-paced and fixed loops send one typed creation each without automatic firing",not-yet-implemented,,,"missing: native code review: start the server's review specialists from the Session dialog, admitted only when the Session is idle and the server advertises review/start + review.start.v1 [partial]"
101,,e2e/native-workflows.spec.ts,goal notifications admit arbitrary-base strictly-increasing generations and drop stale or foreign owners,live-only,,,live-only: state the replay fixtures cannot produce
102,recovery,e2e/native-workflows.spec.ts,"native monitors create, list, pause, resume and delete through typed receipts",fail,specific,docs/walk/evidence/area-recovery.snap.json,failing checks: the palette's /monitor command reaches a monitors surface
103,,e2e/native-workflows.spec.ts,native fixed-loop fire now sends one typed manual receipt without changing loop status,not-yet-implemented,,,"missing: native code review: start the server's review specialists from the Session dialog, admitted only when the Session is idle and the server advertises review/start + review.start.v1 [partial]"
104,connect,e2e/onboarding.spec.ts,validates the address without opening a socket and leaves focus on the correction,skipped,,,skipped: operator-confirmation-pending (Pure connect-screen address validation and focus handling; the case deliberately opens no socket and sends no protocol frame.)
105,connect,e2e/onboarding.spec.ts,explains missing authentication while preserving password privacy and IME entry,skipped,,,skipped: operator-confirmation-pending (Client-side auth-field validation and masking only; no connection is established and no protocol frame is sent.)
106,keyboard,e2e/onboarding.spec.ts,starts a first workspace with the keyboard and focuses the useful field when adding another,pass,smoke,,"2 checks, all pass"
107,connect,e2e/onboarding.spec.ts,keeps an in-flight workspace creation visible when Escape or the backdrop is used,not-yet-implemented,,,"missing: gate-mode app instance — the walk app auto-connects to the replay server, so the pre-connection gate states (invalid auth, pairing links, workspace chooser) never mount"
108,connect,e2e/pairing-link.spec.ts,a good link connects with no token box and leaves nothing in the address,skipped,,,"skipped: operator-confirmation-pending (Pairing-link intake is browser-only: query-string handling plus tab and legacy storage migration, with no ws protocol surface.)"
109,connect,e2e/pairing-link.spec.ts,a used link says so and falls back to the form with the origin prefilled,not-yet-implemented,,,"missing: gate-mode app instance — the walk app auto-connects to the replay server, so the pre-connection gate states (invalid auth, pairing links, workspace chooser) never mount"
110,connect,e2e/pairing-link.spec.ts,an expired code and a malformed link each get their own bounded copy,skipped,,,skipped: operator-confirmation-pending (Expired and malformed link handling is browser-side URL parsing and bounded copy; no protocol session is opened.)
111,connect,e2e/pairing-link.spec.ts,an octos origin off this computer is refused without a request,skipped,,,"skipped: operator-confirmation-pending (Refusing a non-local origin happens before any request, so it is browser-side origin validation with no protocol traffic.)"
112,connect,e2e/pairing-link.spec.ts,the paired token survives only this tab until Forget,skipped,,,"skipped: operator-confirmation-pending (Tab-scoped credential lifetime (session storage isolation, reload persistence and Forget eviction) is browser storage semantics with no protocol surface.)"
113,connect,e2e/pairing-link.spec.ts,a server that 404s /pair/info is simply pairing not supported,not-yet-implemented,,,"missing: gate-mode app instance — the walk app auto-connects to the replay server, so the pre-connection gate states (invalid auth, pairing links, workspace chooser) never mount"
114,connect,e2e/pairing-link.spec.ts,a pairing-capable server this browser has seen offers itself once,skipped,,,"skipped: operator-confirmation-pending (The discovery offer is a browser-side probe of a remembered endpoint, made with no protocol session.)"
115,recovery,e2e/peer-activity-and-restore.spec.ts,"staging renders idle, then a peer turn flips the row to live",pass,smoke,docs/walk/evidence/area-recovery.snap.json,"1 checks, all pass"
116,approval,e2e/peer-activity-and-restore.spec.ts,a peer approval blocks the row; Alt+Y stays fail-closed; a resolution clears it,not-yet-implemented,,,missing: inline approval card — design scene conversation-05 is not in the built batch (design/bindings.json:40); approval/requested reaches the store but has no widget
117,recovery,e2e/peer-activity-and-restore.spec.ts,a peer turn terminal lands the row as done while its sibling stays unlanded,pass,smoke,docs/walk/evidence/area-recovery.snap.json,"1 checks, all pass"
118,composer,e2e/peer-activity-and-restore.spec.ts,a draft is restored only in the session that owned the interrupted turn,pass,specific,,"4 checks, all pass"
119,recovery,e2e/peer-activity-and-restore.spec.ts,"removes exactly the done row, keeps the live row, and announces the count",pass,smoke,docs/walk/evidence/area-recovery.snap.json,"1 checks, all pass"
120,peer,e2e/peer-control.spec.ts,no seat panel when peer/control is unadvertised (no-method),pass,smoke,docs/walk/evidence/area-peer.snap.json,"2 checks, all pass"
121,peer,e2e/peer-control.spec.ts,no seat panel when external_driver_v1 is unadvertised (no-feature),pass,smoke,docs/walk/evidence/area-peer.snap.json,"2 checks, all pass"
122,peer,e2e/peer-control.spec.ts,each of the four commands emits exactly ONE peer/control frame,pass,smoke,docs/walk/evidence/area-peer.snap.json,"2 checks, all pass"
123,peer,e2e/peer-control.spec.ts,an accepted receipt renders its slug and duplicate:false,pass,smoke,docs/walk/evidence/area-peer.snap.json,"2 checks, all pass"
124,recovery,e2e/peer-control.spec.ts,an idempotent replay renders duplicate:true,pass,specific,docs/walk/evidence/area-recovery.snap.json,"2 checks, all pass"
125,peer,e2e/peer-control.spec.ts,a refused RECEIPT renders the typed peer_control_refused refusal,pass,smoke,docs/walk/evidence/area-peer.snap.json,"2 checks, all pass"
126,peer,e2e/peer-control.spec.ts,"a driver_fence_stale typed error drops the seat, keeps the §6 label",pass,smoke,docs/walk/evidence/area-peer.snap.json,"2 checks, all pass"
127,peer,e2e/peer-control.spec.ts,commands are keyboard-reachable and still emit exactly one frame,pass,smoke,docs/walk/evidence/area-peer.snap.json,"2 checks, all pass"
128,peer,e2e/peer-controller.spec.ts,Fleet opens from the navigation footer and lists the mock's 2 lanes,fail,specific,docs/walk/evidence/area-peer.snap.json,failing checks: Fleet's roster rows render with real rects (the mock's lanes)
129,peer,e2e/peer-controller.spec.ts,Start stays disabled until a model is chosen and a brief is typed,pass,smoke,docs/walk/evidence/area-peer.snap.json,"2 checks, all pass"
130,peer,e2e/peer-controller.spec.ts,Start acquires then emits exactly ONE peer/dispatch and adopts a Fleet row,pass,smoke,docs/walk/evidence/area-peer.snap.json,"2 checks, all pass"
131,recovery,e2e/peer-controller.spec.ts,a second Start mints a DISTINCT operation id (no accidental replay),pass,specific,docs/walk/evidence/area-recovery.snap.json,"2 checks, all pass"
132,composer,e2e/peer-controller.spec.ts,Steer from the row emits exactly ONE peer/control steer frame,pass,specific,,"4 checks, all pass"
133,approval,e2e/peer-controller.spec.ts,Approve from the row emits exactly ONE approval_respond frame,not-yet-implemented,,,missing: inline approval card — design scene conversation-05 is not in the built batch (design/bindings.json:40); approval/requested reaches the store but has no widget
134,conversation,e2e/peer-controller.spec.ts,Stop from the row emits exactly ONE interrupt frame,pass,specific,,"7 checks, all pass"
135,peer,e2e/peer-controller.spec.ts,a stale lease refuses peer/dispatch with the bounded §6 label,pass,smoke,docs/walk/evidence/area-peer.snap.json,"2 checks, all pass"
136,peer,e2e/peer-controller.spec.ts,"a refused peer/dispatch renders the bounded label, never server copy",pass,smoke,docs/walk/evidence/area-peer.snap.json,"2 checks, all pass"
137,peer,e2e/peer-controller.spec.ts,the protocol console renders ONLY behind Fleet's Advanced disclosure,pass,smoke,docs/walk/evidence/area-peer.snap.json,"2 checks, all pass"
138,peer,e2e/peer-controller.spec.ts,an unknown lane is unconstructible: the picker is the ONLY lane source,pass,smoke,docs/walk/evidence/area-peer.snap.json,"2 checks, all pass"
139,approval,e2e/peer-dock.spec.ts,peer dock shows the staged roster and keeps approval actions fail-closed,not-yet-implemented,,,missing: inline approval card — design scene conversation-05 is not in the built batch (design/bindings.json:40); approval/requested reaches the store but has no widget
140,composer,e2e/peer-readonly-composer.spec.ts,focused peer shows the read-only composer and Esc never leaks,pass,specific,,"4 checks, all pass"
141,conversation,e2e/plan-card.spec.ts,"shows the plan, replaces it wholesale, and clears it when the turn ends",pass,specific,,"7 checks, all pass"
142,keyboard,e2e/plan-card.spec.ts,collapses and expands from the keyboard without losing the plan,pass,smoke,,"1 checks, all pass"
143,,e2e/plan-card.spec.ts,renders no plan surface when the server does not advertise the feature,not-yet-implemented,,,"missing: Plan checklist card: plan/updated REPLACES wholesale (never a diff), scoped to the authoring turn, dropped on that turn's terminal [partial]"
144,,e2e/product.spec.ts,uses the DSH-aligned product sidebar and grouped or flat session views,not-yet-implemented,,,missing: control seat: drive an already-accepted external-master peer with exactly one peer/control frame per command (mounted only when peer/control + external_driver_v1 are advertised and a binding is observed) [exists]
145,,e2e/product.spec.ts,authenticates before any session and owns workspace selection in the hero,not-yet-implemented,,,missing: control seat: drive an already-accepted external-master peer with exactly one peer/control frame per command (mounted only when peer/control + external_driver_v1 are advertised and a binding is observed) [exists]
146,,e2e/product.spec.ts,keeps authentication when a remembered Session can no longer open,not-yet-implemented,,,missing: control seat: drive an already-accepted external-master peer with exactly one peer/control frame per command (mounted only when peer/control + external_driver_v1 are advertised and a binding is observed) [exists]
147,,e2e/product.spec.ts,keeps confirmed Sessions and reselects healthy records without reopening,not-yet-implemented,,,missing: control seat: drive an already-accepted external-master peer with exactly one peer/control frame per command (mounted only when peer/control + external_driver_v1 are advertised and a binding is observed) [exists]
148,conversation,e2e/product.spec.ts,keeps a server-accepted turn and sibling records on the same pooled socket,pass,specific,,"7 checks, all pass"
149,threads,e2e/product.spec.ts,selects a New Session before the source turn/start acknowledgement arrives,pass,specific,,"3 checks, all pass"
150,,e2e/product.spec.ts,keeps B selected when A's unacknowledged start is rejected,not-yet-implemented,,,missing: control seat: drive an already-accepted external-master peer with exactly one peer/control frame per command (mounted only when peer/control + external_driver_v1 are advertised and a binding is observed) [exists]
151,peer,e2e/product.spec.ts,"reports a start acknowledgement timeout as unknown, then settles on release",pass,smoke,docs/walk/evidence/area-peer.snap.json,"2 checks, all pass"
152,conversation,e2e/product.spec.ts,keeps a missing timed-out turn unknown until a targeted lookup confirms terminal,pass,specific,,"7 checks, all pass"
153,,e2e/product.spec.ts,recovers A's held start after B is already selected without reopening B,not-yet-implemented,,,missing: control seat: drive an already-accepted external-master peer with exactly one peer/control frame per command (mounted only when peer/control + external_driver_v1 are advertised and a binding is observed) [exists]
154,approval,e2e/product.spec.ts,"parks a recovery-admitted approval as Waiting, not Working",not-yet-implemented,,,missing: inline approval card — design scene conversation-05 is not in the built batch (design/bindings.json:40); approval/requested reaches the store but has no widget
155,approval,e2e/product.spec.ts,folds a buffered approval ${scenario.name} before parking the Session,not-yet-implemented,,,missing: inline approval card — design scene conversation-05 is not in the built batch (design/bindings.json:40); approval/requested reaches the store but has no widget
156,conversation,e2e/product.spec.ts,returns to A before acknowledgement without cancelling its held start,pass,specific,,"7 checks, all pass"
157,,e2e/product.spec.ts,selects each retained target immediately while A's acknowledgement remains held,not-yet-implemented,,,missing: control seat: drive an already-accepted external-master peer with exactly one peer/control frame per command (mounted only when peer/control + external_driver_v1 are advertised and a binding is observed) [exists]
158,,e2e/product.spec.ts,keeps A's held start and socket intact when B's candidate open fails,not-yet-implemented,,,missing: control seat: drive an already-accepted external-master peer with exactly one peer/control frame per command (mounted only when peer/control + external_driver_v1 are advertised and a binding is observed) [exists]
159,,e2e/product.spec.ts,does not project ambiguous legacy Session rows into a Workspace,not-yet-implemented,,,missing: control seat: drive an already-accepted external-master peer with exactly one peer/control frame per command (mounted only when peer/control + external_driver_v1 are advertised and a binding is observed) [exists]
160,,e2e/product.spec.ts,lists a workspace's server-attested history in a fresh tab and opens a row it never opened,not-yet-implemented,,,missing: control seat: drive an already-accepted external-master peer with exactly one peer/control frame per command (mounted only when peer/control + external_driver_v1 are advertised and a binding is observed) [exists]
161,composer,e2e/product.spec.ts,moves drafts only after a profile-choice Session transition commits,pass,specific,,"4 checks, all pass"
162,recovery,e2e/product.spec.ts,"restores the origin, tab credential, session, and workspace after refresh",pass,smoke,docs/walk/evidence/area-recovery.snap.json,"1 checks, all pass"
163,,e2e/product.spec.ts,offers whole permission presets and confirms full access,not-yet-implemented,,,missing: control seat: drive an already-accepted external-master peer with exactly one peer/control frame per command (mounted only when peer/control + external_driver_v1 are advertised and a binding is observed) [exists]
164,settings,e2e/product.spec.ts,separates the Session runtime from the Profile default model,pass,smoke,,"1 checks, all pass"
165,settings,e2e/product.spec.ts,keeps server connection actions in General settings,pass,specific,,"4 checks, all pass"
166,,e2e/product.spec.ts,owns plan and background work under the active session Trajectory,not-yet-implemented,,,missing: control seat: drive an already-accepted external-master peer with exactly one peer/control frame per command (mounted only when peer/control + external_driver_v1 are advertised and a binding is observed) [exists]
167,,e2e/product.spec.ts,does not expose implementation and diagnostic concepts as product IA,not-yet-implemented,,,missing: control seat: drive an already-accepted external-master peer with exactly one peer/control frame per command (mounted only when peer/control + external_driver_v1 are advertised and a binding is observed) [exists]
168,conversation,e2e/product.spec.ts,sends prompts without presenting billed input usage as context occupancy,pass,specific,,"9 checks, all pass"
169,recovery,e2e/product.spec.ts,recovers the durable session after disconnect and lossy replay,pass,specific,docs/walk/evidence/area-recovery.snap.json,"2 checks, all pass"
170,approval,e2e/product.spec.ts,resolves approval and structured-question takeovers,not-yet-implemented,,,missing: inline approval card — design scene conversation-05 is not in the built batch (design/bindings.json:40); approval/requested reaches the store but has no widget
171,,e2e/product.spec.ts,sidebar tree supports arrow-key navigation and Enter selection,not-yet-implemented,,,missing: control seat: drive an already-accepted external-master peer with exactly one peer/control frame per command (mounted only when peer/control + external_driver_v1 are advertised and a binding is observed) [exists]
172,keyboard,e2e/product.spec.ts,keyboard and semantics guarantees from the a11y batch hold,pass,specific,,"2 checks, all pass"
173,,e2e/product.spec.ts,skip link jumps to the main landmark,not-yet-implemented,,,missing: control seat: drive an already-accepted external-master peer with exactly one peer/control frame per command (mounted only when peer/control + external_driver_v1 are advertised and a binding is observed) [exists]
174,recovery,e2e/product.spec.ts,restores a pending structured question across a reload,pass,smoke,docs/walk/evidence/area-recovery.snap.json,"1 checks, all pass"
175,threads,e2e/product.spec.ts,deep link: ?s= restores the selected session after reload,skipped,,,skipped: operator-confirmation-pending (Session selection is carried in the ?s= URL query and restored on reload; the assertion is browser URL routing with no native equivalent.)
176,settings,e2e/product.spec.ts,preserves workspace launch decisions without exposing profile ids in connect,pass,smoke,,"1 checks, all pass"
177,,e2e/product.spec.ts,automatically activates an unambiguous fresh coding Workspace,not-yet-implemented,,,missing: control seat: drive an already-accepted external-master peer with exactly one peer/control frame per command (mounted only when peer/control + external_driver_v1 are advertised and a binding is observed) [exists]
178,connect,e2e/product.spec.ts,onboards an empty solo server from workspace creation,not-yet-implemented,,,"missing: gate-mode app instance — the walk app auto-connects to the replay server, so the pre-connection gate states (invalid auth, pairing links, workspace chooser) never mount"
179,connect,e2e/product.spec.ts,preserves Octoscode keyless-provider onboarding semantics,not-yet-implemented,,,"missing: gate-mode app instance — the walk app auto-connects to the replay server, so the pre-connection gate states (invalid auth, pairing links, workspace chooser) never mount"
180,,e2e/product.spec.ts,keeps the DSH-aligned dark product shell WCAG A/AA clean,skipped,,,skipped: operator-confirmation-pending (Axe-core audit of the dark shell plus CSS colour and animation inspection; pure rendering with no native meaning.)
181,settings,e2e/profile-mutation.spec.ts,skill writes hold the profile lock through deferred replies and deduplicate confirmation,pass,smoke,,"1 checks, all pass"
182,review,e2e/profile-mutation.spec.ts,"a failed credential write clears its input, consumes confirmation and requires a fresh review",pass,specific,,"3 checks, all pass"
183,peer,e2e/release-readiness.spec.ts,settings preserves its geometry while model management loads at ${viewport.width}px,pass,smoke,docs/walk/evidence/area-peer.snap.json,"2 checks, all pass"
184,peer,e2e/release-readiness.spec.ts,skip link bypasses navigation and multiline commands retain valid accessibility semantics,pass,smoke,docs/walk/evidence/area-peer.snap.json,"2 checks, all pass"
185,peer,e2e/release-readiness.spec.ts,empty session search offers a direct way back and replies use the chat column,pass,smoke,docs/walk/evidence/area-peer.snap.json,"2 checks, all pass"
186,recovery,e2e/resume-and-reasoning.spec.ts,"resume lists unverified candidates, refuses bare IDs, and requires confirmation plus canonical history",pass,smoke,docs/walk/evidence/area-recovery.snap.json,"1 checks, all pass"
187,recovery,e2e/resume-and-reasoning.spec.ts,canceling a held historical open cannot install a late transcript or steal a new selection,pass,smoke,docs/walk/evidence/area-recovery.snap.json,"1 checks, all pass"
188,recovery,e2e/resume-and-reasoning.spec.ts,resuming an already retained busy historical Session never reopens or resets its turn,pass,smoke,docs/walk/evidence/area-recovery.snap.json,"1 checks, all pass"
189,recovery,e2e/resume-and-reasoning.spec.ts,reasoning visibility is retained per Session and does not change captured model effort,pass,smoke,docs/walk/evidence/area-recovery.snap.json,"1 checks, all pass"
190,composer,e2e/runtime-recovery.spec.ts,continues past an unknown turn without replaying it or losing the queue and new draft,pass,specific,,"5 checks, all pass"
191,,e2e/server-shutdown.spec.ts,"server shutdown is capability gated, explicit, and truthful on an unconfirmed result",not-yet-implemented,,,missing: Server's working directory as the first picker entry [partial]
192,review,e2e/session-links.spec.ts,a different saved link takes precedence over the tab's remembered conversation,pass,specific,,"3 checks, all pass"
193,,e2e/session-links.spec.ts,opens a bookmarked conversation in a fresh browser only after an explicit choice,live-only,,,live-only: state the replay fixtures cannot produce
194,,e2e/session-links.spec.ts,keeps a failed saved link visible and retries only when requested,live-only,,,live-only: state the replay fixtures cannot produce
195,,e2e/session-links.spec.ts,rejects invalid links without opening a session and allows normal entry after dismissal,not-yet-implemented,,,"missing: Session settings pane: a ModalSurface drawer with Model, Permissions, Sandbox and Advanced sections [missing]"
196,review,e2e/session-links.spec.ts,refuses a saved-link candidate with a different workspace before requesting history,pass,specific,,"3 checks, all pass"
197,,e2e/session-links.spec.ts,reports a copied link only after the clipboard operation succeeds,live-only,,,live-only: state the replay fixtures cannot produce
198,,e2e/session-links.spec.ts,provides a selected readonly link when clipboard access is denied,live-only,,,live-only: state the replay fixtures cannot produce
199,,e2e/session-links.spec.ts,does not claim diagnostics were copied after clipboard rejection and allows retry,live-only,,,live-only: state the replay fixtures cannot produce
200,settings,e2e/settings-mobile.spec.ts,Settings remain operable at ${viewport.width}×${viewport.height},skipped,,,skipped: operator-confirmation-pending (A responsive-layout assertion about settings controls staying inside a phone viewport.)
201,threads,e2e/simultaneous-sessions.spec.ts,isolates independent turns across rapid Session switches,pass,specific,,"3 checks, all pass"
202,recovery,e2e/simultaneous-sessions.spec.ts,recovers an unacknowledged A1 behind B and drains A2 then A3 without replaying A1,pass,specific,docs/walk/evidence/area-recovery.snap.json,"2 checks, all pass"
203,composer,e2e/simultaneous-sessions.spec.ts,drains a queued A2 after a released A1 terminal while B stays selected,pass,specific,,"4 checks, all pass"
204,recovery,e2e/simultaneous-sessions.spec.ts,keeps per-Session transcripts distinct and restores the pre-reload Session,pass,smoke,docs/walk/evidence/area-recovery.snap.json,"1 checks, all pass"
205,conversation,e2e/simultaneous-sessions.spec.ts,preserves native persisted segment finality across late deltas and the next background FIFO turn,pass,specific,,"7 checks, all pass"
206,composer,e2e/surface-recovery.spec.ts,"a failed model-management chunk preserves the owner, queue, draft and Stop",pass,specific,,"4 checks, all pass"
207,recovery,e2e/surface-recovery.spec.ts,a slow model-management import can be canceled and never opens after cancellation,pass,smoke,docs/walk/evidence/area-recovery.snap.json,"1 checks, all pass"
208,approval,e2e/surface-recovery.spec.ts,Escape from a failed review returns to approval without interrupting,not-yet-implemented,,,missing: inline approval card — design scene conversation-05 is not in the built batch (design/bindings.json:40); approval/requested reaches the store but has no widget
209,recovery,e2e/surface-recovery.spec.ts,a failed local-command chunk restores input and never sends command text to the model,pass,specific,docs/walk/evidence/area-recovery.snap.json,"2 checks, all pass"
210,recovery,e2e/surface-recovery.spec.ts,a late clipboard command result does not enter a different conversation,pass,smoke,docs/walk/evidence/area-recovery.snap.json,"1 checks, all pass"
211,,e2e/theme.spec.ts,theme cycle preserves one palette across manual and system modes,skipped,,,skipped: operator-confirmation-pending (Checks CSS custom-property resolution across matchMedia and reload; no protocol or native surface is involved.)
212,settings,e2e/theme.spec.ts,manual light preserves readable conversation and settings colors on a dark OS,pass,smoke,,"2 checks, all pass"
213,,e2e/theme.spec.ts,theme ${method} failure keeps the app usable and the in-memory theme active,skipped,,,skipped: operator-confirmation-pending (Injects a browser Storage failure for the theme preference; purely browser-side storage and CSS behavior.)
214,,e2e/theme.spec.ts,"blocked ${storageKind} property keeps connection, session launch, and theme usable",skipped,,,skipped: operator-confirmation-pending (Blocks browser localStorage/sessionStorage to prove the client stays usable; the assertion is about browser storage behavior.)
215,conversation,e2e/timeline-interactions.spec.ts,keeps activity and reader-controlled disclosures correct across ten streamed turns,pass,specific,,"7 checks, all pass"
216,connect,e2e/visual.spec.ts,connect gate matches baseline,skipped,,,"skipped: operator-confirmation-pending (Pure visual-regression snapshot of the connect gate; browser rendering only, with no native protocol surface.)"
217,connect,e2e/visual.spec.ts,empty chooser matches baseline,skipped,,,skipped: operator-confirmation-pending (Visual-regression snapshot of the workspace chooser; browser rendering only.)
218,approval,e2e/visual.spec.ts,approval takeover matches baseline,not-yet-implemented,,,missing: inline approval card — design scene conversation-05 is not in the built batch (design/bindings.json:40); approval/requested reaches the store but has no widget
219,,e2e/visual.spec.ts,session reply matches baseline,not-yet-implemented,,,missing: native capability not yet built (see docs/parity-matrix.csv)
220,connect,e2e/workspace-browse.spec.ts,"browses the server's folders, drills in and out, and reports what the server hid",not-yet-implemented,,,"missing: gate-mode app instance — the walk app auto-connects to the replay server, so the pre-connection gate states (invalid auth, pairing links, workspace chooser) never mount"
221,connect,e2e/workspace-browse.spec.ts,renders bounded copy with a next step when the server refuses a folder,not-yet-implemented,,,"missing: gate-mode app instance — the walk app auto-connects to the replay server, so the pre-connection gate states (invalid auth, pairing links, workspace chooser) never mount"
222,connect,e2e/workspace-browse.spec.ts,"creates a folder, moves into it, and starts a session there",not-yet-implemented,,,"missing: gate-mode app instance — the walk app auto-connects to the replay server, so the pre-connection gate states (invalid auth, pairing links, workspace chooser) never mount"
223,connect,e2e/workspace-browse.spec.ts,picking a subfolder fills the path box without leaving the browser's parent,not-yet-implemented,,,"missing: gate-mode app instance — the walk app auto-connects to the replay server, so the pre-connection gate states (invalid auth, pairing links, workspace chooser) never mount"
224,,e2e/workspace-browse.spec.ts,shows no Browse affordance at all when the server does not advertise the feature,not-yet-implemented,,,missing: Recent-workspace picker (choose a remembered project) [partial]
225,composer,e2e/workspace-ux.spec.ts,IME confirmation and multiline editing never send; queued messages can be removed,pass,specific,,"4 checks, all pass"
226,conversation,e2e/workspace-ux.spec.ts,protects a running turn from closing the tab and removes the warning on completion,pass,specific,,"7 checks, all pass"
227,composer,e2e/workspace-ux.spec.ts,keeps the mobile composer on screen and makes navigation an accessible drawer,pass,specific,,"4 checks, all pass"
228,conversation,e2e/workspace-ux.spec.ts,mobile review actions leave room for workspace context after a completed turn,pass,specific,,"7 checks, all pass"
229,,e2e/workspace-ux.spec.ts,follows arriving content but leaves a reader in history until they jump to latest,not-yet-implemented,,,missing: Recent-workspace picker (choose a remembered project) [partial]
230,,e2e/workspace-ux.spec.ts,opening tool output keeps its heading in view instead of following the expansion,not-yet-implemented,,,missing: Recent-workspace picker (choose a remembered project) [partial]
231,,e2e/workspace-ux.spec.ts,sidebar sort controls reorder sessions and track which Session was last opened,not-yet-implemented,,,missing: Recent-workspace picker (choose a remembered project) [partial]
232,composer,e2e/workspace-ux.spec.ts,long queued messages and a multiline draft keep mobile actions inside the viewport,pass,specific,,"4 checks, all pass"
233,composer,e2e/workspace-ux.spec.ts,finishing approval and question takeovers returns the keyboard to the composer,pass,specific,,"4 checks, all pass"
234,,e2e/workspace-ux.spec.ts,${action} is available during active work but requires an explicit confirmation,not-yet-implemented,,,missing: Recent-workspace picker (choose a remembered project) [partial]
