row_id,area,spec,case,check,status,evidence,reason
5,conversation,e2e/attention.spec.ts,a hidden current Session completion notifies once and returning clears its badge,module reaches conn: Live with the OctosCode heading,pass,,heading='OctosCode' status='conn: Live   sessions: 1'
5,conversation,e2e/attention.spec.ts,a hidden current Session completion notifies once and returning clears its badge,the thread list renders the opened session row,pass,,thread row present
5,conversation,e2e/attention.spec.ts,a hidden current Session completion notifies once and returning clears its badge,a sent prompt streams an assistant answer row,pass,,"kinds=['working-row', 'assistant-prose']"
5,conversation,e2e/attention.spec.ts,a hidden current Session completion notifies once and returning clears its badge,the user's own prompt renders as a row,pass,,"kinds=['assistant-prose', 'answer-actions', 'worked-for', 'user-bubble']"
5,conversation,e2e/attention.spec.ts,a hidden current Session completion notifies once and returning clears its badge,the answer row renders after the prompt row (order),pass,,y(user)=194 y(answer)=278
5,conversation,e2e/attention.spec.ts,a hidden current Session completion notifies once and returning clears its badge,the turn's timeline item kinds are present,pass,,"kinds=['answer-actions', 'assistant-prose', 'user-bubble', 'worked-for']"
5,conversation,e2e/attention.spec.ts,a hidden current Session completion notifies once and returning clears its badge,the Stop control is present for the live turn,pass,,stop widget present
7,conversation,e2e/attention.spec.ts,a background Session completing while another is selected signals and acknowledges on return,module reaches conn: Live with the OctosCode heading,pass,,heading='OctosCode' status='conn: Live   sessions: 1'
7,conversation,e2e/attention.spec.ts,a background Session completing while another is selected signals and acknowledges on return,the thread list renders the opened session row,pass,,thread row present
7,conversation,e2e/attention.spec.ts,a background Session completing while another is selected signals and acknowledges on return,a sent prompt streams an assistant answer row,pass,,"kinds=['working-row', 'assistant-prose']"
7,conversation,e2e/attention.spec.ts,a background Session completing while another is selected signals and acknowledges on return,the user's own prompt renders as a row,pass,,"kinds=['assistant-prose', 'answer-actions', 'worked-for', 'user-bubble']"
7,conversation,e2e/attention.spec.ts,a background Session completing while another is selected signals and acknowledges on return,the answer row renders after the prompt row (order),pass,,y(user)=194 y(answer)=278
7,conversation,e2e/attention.spec.ts,a background Session completing while another is selected signals and acknowledges on return,the turn's timeline item kinds are present,pass,,"kinds=['answer-actions', 'assistant-prose', 'user-bubble', 'worked-for']"
7,conversation,e2e/attention.spec.ts,a background Session completing while another is selected signals and acknowledges on return,the Stop control is present for the live turn,pass,,stop widget present
11,recovery,e2e/canonical-recovery.spec.ts,"refresh shows the interrupted turn with ${canonicalReplay ? ""complete canonical replay"" : ""legacy terminal state""}",the module reaches conn: Live,pass,,status='conn: Live   sessions: 1'
11,recovery,e2e/canonical-recovery.spec.ts,"refresh shows the interrupted turn with ${canonicalReplay ? ""complete canonical replay"" : ""legacy terminal state""}",a replayed turn lands in the module's own transcript,pass,,"timeline kinds=['working-row', 'assistant-prose']"
12,conversation,e2e/capacity-and-peers.spec.ts,holds twelve browser turns and three browser-started native peers on one pooled socket,module reaches conn: Live with the OctosCode heading,pass,,heading='OctosCode' status='conn: Live   sessions: 1'
12,conversation,e2e/capacity-and-peers.spec.ts,holds twelve browser turns and three browser-started native peers on one pooled socket,the thread list renders the opened session row,pass,,thread row present
12,conversation,e2e/capacity-and-peers.spec.ts,holds twelve browser turns and three browser-started native peers on one pooled socket,a sent prompt streams an assistant answer row,pass,,"kinds=['working-row', 'assistant-prose']"
12,conversation,e2e/capacity-and-peers.spec.ts,holds twelve browser turns and three browser-started native peers on one pooled socket,the user's own prompt renders as a row,pass,,"kinds=['assistant-prose', 'answer-actions', 'worked-for', 'user-bubble']"
12,conversation,e2e/capacity-and-peers.spec.ts,holds twelve browser turns and three browser-started native peers on one pooled socket,the answer row renders after the prompt row (order),pass,,y(user)=194 y(answer)=278
12,conversation,e2e/capacity-and-peers.spec.ts,holds twelve browser turns and three browser-started native peers on one pooled socket,the turn's timeline item kinds are present,pass,,"kinds=['answer-actions', 'assistant-prose', 'user-bubble', 'worked-for']"
12,conversation,e2e/capacity-and-peers.spec.ts,holds twelve browser turns and three browser-started native peers on one pooled socket,the Stop control is present for the live turn,pass,,stop widget present
13,recovery,e2e/chat-handover.spec.ts,an external-held session restores uploaded media and reasoning for an explicit retry,the module reaches conn: Live,pass,,status='conn: Live   sessions: 1'
14,recovery,e2e/chat-handover.spec.ts,Resume chat and an owned seat release control before sending once,the module reaches conn: Live,pass,,status='conn: Live   sessions: 1'
15,composer,e2e/chat-handover.spec.ts,"a late collision cannot replace newer text or images, then restores the complete draft",the draft is a single TextInput with a placeholder,pass,,draft='Ask Octos anything'
15,composer,e2e/chat-handover.spec.ts,"a late collision cannot replace newer text or images, then restores the complete draft",the send control is present,pass,,send present
15,composer,e2e/chat-handover.spec.ts,"a late collision cannot replace newer text or images, then restores the complete draft",the conversation column hosts the timeline PortalList,pass,,timeline_list present
15,composer,e2e/chat-handover.spec.ts,"a late collision cannot replace newer text or images, then restores the complete draft",a typed draft round-trips through the composer,pass,,draft reads 'survive me' after clearing and typing
20,recovery,e2e/command-surface.spec.ts,keeps the workspace restore receipt through canonical refresh without rewinding its conversation,the module reaches conn: Live,pass,,status='conn: Live   sessions: 1'
21,composer,e2e/command-surface.spec.ts,keeps the rewind receipt and restores only the owning prompt draft after canonical refresh,the draft is a single TextInput with a placeholder,pass,,draft='Ask Octos anything'
21,composer,e2e/command-surface.spec.ts,keeps the rewind receipt and restores only the owning prompt draft after canonical refresh,the send control is present,pass,,send present
21,composer,e2e/command-surface.spec.ts,keeps the rewind receipt and restores only the owning prompt draft after canonical refresh,the conversation column hosts the timeline PortalList,pass,,timeline_list present
21,composer,e2e/command-surface.spec.ts,keeps the rewind receipt and restores only the owning prompt draft after canonical refresh,a typed draft round-trips through the composer,pass,,draft reads 'survive me' after clearing and typing
22,composer,e2e/command-surface.spec.ts,queues a held gather synthesis only on busy A while B is selected and keeps blackboard refresh read-only,the draft is a single TextInput with a placeholder,pass,,draft='Ask Octos anything'
22,composer,e2e/command-surface.spec.ts,queues a held gather synthesis only on busy A while B is selected and keeps blackboard refresh read-only,the send control is present,pass,,send present
22,composer,e2e/command-surface.spec.ts,queues a held gather synthesis only on busy A while B is selected and keeps blackboard refresh read-only,the conversation column hosts the timeline PortalList,pass,,timeline_list present
22,composer,e2e/command-surface.spec.ts,queues a held gather synthesis only on busy A while B is selected and keeps blackboard refresh read-only,a typed draft round-trips through the composer,pass,,draft reads 'survive me' after clearing and typing
31,conversation,e2e/copy-conversation.spec.ts,says there is nothing to copy for a conversation with no messages yet,module reaches conn: Live with the OctosCode heading,pass,,heading='OctosCode' status='conn: Live   sessions: 1'
31,conversation,e2e/copy-conversation.spec.ts,says there is nothing to copy for a conversation with no messages yet,the thread list renders the opened session row,pass,,thread row present
31,conversation,e2e/copy-conversation.spec.ts,says there is nothing to copy for a conversation with no messages yet,the turn's timeline item kinds are present,pass,,"kinds=['answer-actions', 'assistant-prose', 'user-bubble', 'worked-for']"
43,threads,e2e/driver-discovery.spec.ts,A/B: exact synthetic driver ID per selected Session; releasing held A never leaks into a selected B,the thread list is a PortalList of session rows,pass,,thread_list present
43,threads,e2e/driver-discovery.spec.ts,A/B: exact synthetic driver ID per selected Session; releasing held A never leaks into a selected B,refresh (session/list) keeps the module live,pass,,status stays Live
43,threads,e2e/driver-discovery.spec.ts,A/B: exact synthetic driver ID per selected Session; releasing held A never leaks into a selected B,New chat mints a fresh Session and re-opens the workspace,pass,,heading='OctosCode' has draft=True
47,recovery,e2e/driver-discovery.spec.ts,transitions healthy -> refused across a transport reconnect on the SAME record,the module reaches conn: Live,pass,,status='conn: Live   sessions: 1'
47,recovery,e2e/driver-discovery.spec.ts,transitions healthy -> refused across a transport reconnect on the SAME record,a replayed turn lands in the module's own transcript,pass,,"timeline kinds=['working-row', 'assistant-prose']"
48,recovery,e2e/driver-discovery.spec.ts,transitions malformed -> healthy across a transport reconnect on the SAME record,the module reaches conn: Live,pass,,status='conn: Live   sessions: 1'
48,recovery,e2e/driver-discovery.spec.ts,transitions malformed -> healthy across a transport reconnect on the SAME record,a replayed turn lands in the module's own transcript,pass,,"timeline kinds=['working-row', 'assistant-prose']"
54,composer,e2e/final-input.spec.ts,composer preserves IME confirmation and multiline edits around commands,the draft is a single TextInput with a placeholder,pass,,draft='Ask Octos anything'
54,composer,e2e/final-input.spec.ts,composer preserves IME confirmation and multiline edits around commands,the send control is present,pass,,send present
54,composer,e2e/final-input.spec.ts,composer preserves IME confirmation and multiline edits around commands,the conversation column hosts the timeline PortalList,pass,,timeline_list present
54,composer,e2e/final-input.spec.ts,composer preserves IME confirmation and multiline edits around commands,a typed draft round-trips through the composer,pass,,draft reads 'survive me' after clearing and typing
58,recovery,e2e/final-reading.spec.ts,sidebar native buttons keep Enter behavior and search Escape restores its trigger,the module reaches conn: Live,pass,,status='conn: Live   sessions: 1'
60,conversation,e2e/final-reading.spec.ts,360-message history stays readable while new output streams and unsafe Markdown stays inert,module reaches conn: Live with the OctosCode heading,pass,,heading='OctosCode' status='conn: Live   sessions: 1'
60,conversation,e2e/final-reading.spec.ts,360-message history stays readable while new output streams and unsafe Markdown stays inert,the thread list renders the opened session row,pass,,thread row present
60,conversation,e2e/final-reading.spec.ts,360-message history stays readable while new output streams and unsafe Markdown stays inert,a sent prompt streams an assistant answer row,pass,,"kinds=['working-row', 'assistant-prose']"
60,conversation,e2e/final-reading.spec.ts,360-message history stays readable while new output streams and unsafe Markdown stays inert,the user's own prompt renders as a row,pass,,"kinds=['assistant-prose', 'answer-actions', 'worked-for', 'user-bubble']"
60,conversation,e2e/final-reading.spec.ts,360-message history stays readable while new output streams and unsafe Markdown stays inert,the answer row renders after the prompt row (order),pass,,y(user)=194 y(answer)=278
60,conversation,e2e/final-reading.spec.ts,360-message history stays readable while new output streams and unsafe Markdown stays inert,the turn's timeline item kinds are present,pass,,"kinds=['answer-actions', 'assistant-prose', 'user-bubble', 'worked-for']"
60,conversation,e2e/final-reading.spec.ts,360-message history stays readable while new output streams and unsafe Markdown stays inert,the Stop control is present for the live turn,pass,,stop widget present
66,recovery,e2e/interaction-ownership.spec.ts,restores and resolves a parked question on its owning Session with exact ids,the module reaches conn: Live,pass,,status='conn: Live   sessions: 1'
69,threads,e2e/keyboard-parity.spec.ts,switches sessions by keyboard and preserves sidebar focus order,the thread list is a PortalList of session rows,pass,,thread_list present
69,threads,e2e/keyboard-parity.spec.ts,switches sessions by keyboard and preserves sidebar focus order,refresh (session/list) keeps the module live,pass,,status stays Live
69,threads,e2e/keyboard-parity.spec.ts,switches sessions by keyboard and preserves sidebar focus order,New chat mints a fresh Session and re-opens the workspace,pass,,heading='OctosCode' has draft=True
70,conversation,e2e/keyboard-parity.spec.ts,Esc closes the palette inertly and interrupts only a live turn,module reaches conn: Live with the OctosCode heading,pass,,heading='OctosCode' status='conn: Live   sessions: 1'
70,conversation,e2e/keyboard-parity.spec.ts,Esc closes the palette inertly and interrupts only a live turn,the thread list renders the opened session row,pass,,thread row present
70,conversation,e2e/keyboard-parity.spec.ts,Esc closes the palette inertly and interrupts only a live turn,a sent prompt streams an assistant answer row,pass,,"kinds=['working-row', 'assistant-prose']"
70,conversation,e2e/keyboard-parity.spec.ts,Esc closes the palette inertly and interrupts only a live turn,the user's own prompt renders as a row,pass,,"kinds=['assistant-prose', 'answer-actions', 'worked-for', 'user-bubble']"
70,conversation,e2e/keyboard-parity.spec.ts,Esc closes the palette inertly and interrupts only a live turn,the answer row renders after the prompt row (order),pass,,y(user)=194 y(answer)=278
70,conversation,e2e/keyboard-parity.spec.ts,Esc closes the palette inertly and interrupts only a live turn,the turn's timeline item kinds are present,pass,,"kinds=['answer-actions', 'assistant-prose', 'user-bubble', 'worked-for']"
70,conversation,e2e/keyboard-parity.spec.ts,Esc closes the palette inertly and interrupts only a live turn,the Stop control is present for the live turn,pass,,stop widget present
74,conversation,e2e/loaf.spec.ts,streaming turn stays under the long-frame budget,module reaches conn: Live with the OctosCode heading,pass,,heading='OctosCode' status='conn: Live   sessions: 1'
74,conversation,e2e/loaf.spec.ts,streaming turn stays under the long-frame budget,the thread list renders the opened session row,pass,,thread row present
74,conversation,e2e/loaf.spec.ts,streaming turn stays under the long-frame budget,a sent prompt streams an assistant answer row,pass,,"kinds=['working-row', 'assistant-prose']"
74,conversation,e2e/loaf.spec.ts,streaming turn stays under the long-frame budget,the user's own prompt renders as a row,pass,,"kinds=['assistant-prose', 'answer-actions', 'worked-for', 'user-bubble']"
74,conversation,e2e/loaf.spec.ts,streaming turn stays under the long-frame budget,the answer row renders after the prompt row (order),pass,,y(user)=194 y(answer)=278
74,conversation,e2e/loaf.spec.ts,streaming turn stays under the long-frame budget,the turn's timeline item kinds are present,pass,,"kinds=['answer-actions', 'assistant-prose', 'user-bubble', 'worked-for']"
74,conversation,e2e/loaf.spec.ts,streaming turn stays under the long-frame budget,the Stop control is present for the live turn,pass,,stop widget present
75,composer,e2e/local-preferences.spec.ts,"five themes and live language/Vim changes preserve two busy Sessions, queued text and local images without RPC",the draft is a single TextInput with a placeholder,pass,,draft='Ask Octos anything'
75,composer,e2e/local-preferences.spec.ts,"five themes and live language/Vim changes preserve two busy Sessions, queued text and local images without RPC",the send control is present,pass,,send present
75,composer,e2e/local-preferences.spec.ts,"five themes and live language/Vim changes preserve two busy Sessions, queued text and local images without RPC",the conversation column hosts the timeline PortalList,pass,,timeline_list present
75,composer,e2e/local-preferences.spec.ts,"five themes and live language/Vim changes preserve two busy Sessions, queued text and local images without RPC",a typed draft round-trips through the composer,pass,,draft reads 'survive me' after clearing and typing
78,composer,e2e/local-preferences.spec.ts,"Vim focus/Session ownership, Unicode deletion, IME and clipboard modifiers never edit another draft or hijack native keys",the draft is a single TextInput with a placeholder,pass,,draft='Ask Octos anything'
78,composer,e2e/local-preferences.spec.ts,"Vim focus/Session ownership, Unicode deletion, IME and clipboard modifiers never edit another draft or hijack native keys",the send control is present,pass,,send present
78,composer,e2e/local-preferences.spec.ts,"Vim focus/Session ownership, Unicode deletion, IME and clipboard modifiers never edit another draft or hijack native keys",the conversation column hosts the timeline PortalList,pass,,timeline_list present
78,composer,e2e/local-preferences.spec.ts,"Vim focus/Session ownership, Unicode deletion, IME and clipboard modifiers never edit another draft or hijack native keys",a typed draft round-trips through the composer,pass,,draft reads 'survive me' after clearing and typing
79,conversation,e2e/local-preferences.spec.ts,"bare Normal Escape interrupts only the selected owner, while Vim changes preserve the other busy Session",module reaches conn: Live with the OctosCode heading,pass,,heading='OctosCode' status='conn: Live   sessions: 1'
79,conversation,e2e/local-preferences.spec.ts,"bare Normal Escape interrupts only the selected owner, while Vim changes preserve the other busy Session",the thread list renders the opened session row,pass,,thread row present
79,conversation,e2e/local-preferences.spec.ts,"bare Normal Escape interrupts only the selected owner, while Vim changes preserve the other busy Session",a sent prompt streams an assistant answer row,pass,,"kinds=['working-row', 'assistant-prose']"
79,conversation,e2e/local-preferences.spec.ts,"bare Normal Escape interrupts only the selected owner, while Vim changes preserve the other busy Session",the user's own prompt renders as a row,pass,,"kinds=['assistant-prose', 'answer-actions', 'worked-for', 'user-bubble']"
79,conversation,e2e/local-preferences.spec.ts,"bare Normal Escape interrupts only the selected owner, while Vim changes preserve the other busy Session",the answer row renders after the prompt row (order),pass,,y(user)=194 y(answer)=278
79,conversation,e2e/local-preferences.spec.ts,"bare Normal Escape interrupts only the selected owner, while Vim changes preserve the other busy Session",the turn's timeline item kinds are present,pass,,"kinds=['answer-actions', 'assistant-prose', 'user-bubble', 'worked-for']"
79,conversation,e2e/local-preferences.spec.ts,"bare Normal Escape interrupts only the selected owner, while Vim changes preserve the other busy Session",the Stop control is present for the live turn,pass,,stop widget present
88,composer,e2e/model-management.spec.ts,keeps a rejected provider draft while redacting the failure,the draft is a single TextInput with a placeholder,pass,,draft='Ask Octos anything'
88,composer,e2e/model-management.spec.ts,keeps a rejected provider draft while redacting the failure,the send control is present,pass,,send present
88,composer,e2e/model-management.spec.ts,keeps a rejected provider draft while redacting the failure,the conversation column hosts the timeline PortalList,pass,,timeline_list present
88,composer,e2e/model-management.spec.ts,keeps a rejected provider draft while redacting the failure,a typed draft round-trips through the composer,pass,,draft reads 'survive me' after clearing and typing
89,conversation,e2e/multi-session-fence-soak.spec.ts,"holds 12 Sessions + 3 native peers on one pooled socket, refuses a peer-owned interrupt with the fence notice, and keeps per-Session record order",module reaches conn: Live with the OctosCode heading,pass,,heading='OctosCode' status='conn: Live   sessions: 1'
89,conversation,e2e/multi-session-fence-soak.spec.ts,"holds 12 Sessions + 3 native peers on one pooled socket, refuses a peer-owned interrupt with the fence notice, and keeps per-Session record order",the thread list renders the opened session row,pass,,thread row present
89,conversation,e2e/multi-session-fence-soak.spec.ts,"holds 12 Sessions + 3 native peers on one pooled socket, refuses a peer-owned interrupt with the fence notice, and keeps per-Session record order",a sent prompt streams an assistant answer row,pass,,"kinds=['working-row', 'assistant-prose']"
89,conversation,e2e/multi-session-fence-soak.spec.ts,"holds 12 Sessions + 3 native peers on one pooled socket, refuses a peer-owned interrupt with the fence notice, and keeps per-Session record order",the user's own prompt renders as a row,pass,,"kinds=['assistant-prose', 'answer-actions', 'worked-for', 'user-bubble']"
89,conversation,e2e/multi-session-fence-soak.spec.ts,"holds 12 Sessions + 3 native peers on one pooled socket, refuses a peer-owned interrupt with the fence notice, and keeps per-Session record order",the answer row renders after the prompt row (order),pass,,y(user)=194 y(answer)=278
89,conversation,e2e/multi-session-fence-soak.spec.ts,"holds 12 Sessions + 3 native peers on one pooled socket, refuses a peer-owned interrupt with the fence notice, and keeps per-Session record order",the turn's timeline item kinds are present,pass,,"kinds=['answer-actions', 'assistant-prose', 'user-bubble', 'worked-for']"
89,conversation,e2e/multi-session-fence-soak.spec.ts,"holds 12 Sessions + 3 native peers on one pooled socket, refuses a peer-owned interrupt with the fence notice, and keeps per-Session record order",the Stop control is present for the live turn,pass,,stop widget present
90,composer,e2e/multi-session-recovery-soak.spec.ts,runs bounded repeated waves across three progressing Sessions with per-Session queued followups,the draft is a single TextInput with a placeholder,pass,,draft='Ask Octos anything'
90,composer,e2e/multi-session-recovery-soak.spec.ts,runs bounded repeated waves across three progressing Sessions with per-Session queued followups,the send control is present,pass,,send present
90,composer,e2e/multi-session-recovery-soak.spec.ts,runs bounded repeated waves across three progressing Sessions with per-Session queued followups,the conversation column hosts the timeline PortalList,pass,,timeline_list present
90,composer,e2e/multi-session-recovery-soak.spec.ts,runs bounded repeated waves across three progressing Sessions with per-Session queued followups,a typed draft round-trips through the composer,pass,,draft reads 'survive me' after clearing and typing
96,threads,e2e/native-workflows.spec.ts,"thread, turn and remembered-scope inspectors use exact owners and discard closed A reads after B opens",the thread list is a PortalList of session rows,pass,,thread_list present
96,threads,e2e/native-workflows.spec.ts,"thread, turn and remembered-scope inspectors use exact owners and discard closed A reads after B opens",refresh (session/list) keeps the module live,pass,,status stays Live
96,threads,e2e/native-workflows.spec.ts,"thread, turn and remembered-scope inspectors use exact owners and discard closed A reads after B opens",New chat mints a fresh Session and re-opens the workspace,pass,,heading='OctosCode' has draft=True
149,threads,e2e/product.spec.ts,selects a New Session before the source turn/start acknowledgement arrives,the thread list is a PortalList of session rows,pass,,thread_list present
149,threads,e2e/product.spec.ts,selects a New Session before the source turn/start acknowledgement arrives,refresh (session/list) keeps the module live,pass,,status stays Live
149,threads,e2e/product.spec.ts,selects a New Session before the source turn/start acknowledgement arrives,New chat mints a fresh Session and re-opens the workspace,pass,,heading='OctosCode' has draft=True
201,threads,e2e/simultaneous-sessions.spec.ts,isolates independent turns across rapid Session switches,the thread list is a PortalList of session rows,pass,,thread_list present
201,threads,e2e/simultaneous-sessions.spec.ts,isolates independent turns across rapid Session switches,refresh (session/list) keeps the module live,pass,,status stays Live
201,threads,e2e/simultaneous-sessions.spec.ts,isolates independent turns across rapid Session switches,New chat mints a fresh Session and re-opens the workspace,pass,,heading='OctosCode' has draft=True
