step,target,command,result,passed,failed,failing_tests,notes
2,octos-app (check),cargo check --locked -p octos-app,Finished `dev` profile [optimized + debuginfo] target(s) in 14m 52s,,,,"0 errors; 2 pre-existing warnings (phone+desktop main.rs in multiple targets)"
2,octos-app-transport+store (test),ctest --locked -p octos-app-transport -p octos-app-store,test result: ok. 45 passed; 0 failed; ... / 30 passed; 0 failed; ... (6 targets total),77,0,,"transport lib 30, store lib 45, contract_tool_started 1, kernel_restart 1, live_smoke 1 ignored, 2 doc-test targets empty"
2,octos-app lib (test),ctest --locked -p octos-app,test result: FAILED. 193 passed; 7 failed; 3 ignored; 0 measured; 0 filtered out; finished in 0.29s,193,7,"app::l0_card::capability_bridge::every_call_the_lowering_emits_has_a_helper; app::l0_card::exemplar_drift::the_nav_exemplar_is_the_card_the_profile_tests_check; app::l0_card::tests::l0_theme_axes_are_all_answered; app::l0_eval::tests::a_live_source_without_its_capability_is_visibly_wrong; app::l0_eval::tests::a_watch_row_reveals_its_own_remove; tests::nav_is_generated_from_an_l0_spec; tests::the_language_reference_lists_every_admitted_theme","known-red on the untouched ref clone (base); test target: -p octos-app --lib"
2,workspace (make check),make check -> cargo check --workspace,Finished `dev` profile [optimized + debuginfo] target(s) in 48.96s,,,,whole root workspace checks clean
3,desktop binary (build),cargo build --locked -p octosense --features app-appcard,Finished `dev` profile [optimized + debuginfo] target(s) in 12m 23s,,,,0 errors; links octosense-appcard/octos-app; 2 pre-existing warnings
3,desktop (check default features),cargo check --locked -p octosense,Finished `dev` profile [optimized + debuginfo] target(s) in 1m 09s,,,,default = app-hub,octos-core,app-rinx
3,octosense-shell crate (check default features),cargo check --locked -p octosense-shell,Finished `dev` profile [optimized + debuginfo] target(s) in 17.31s,,,,0 errors
4,dependency probe - path,tmp/probe/pathprobe: cargo check,Finished `dev` profile [unoptimized + debuginfo] target(s) in 21.96s,,,,PASS with NO [patch] block; workspace-inherited deps resolve against the path crate's own workspace root
4,dependency probe - git,tmp/probe/gitprobe: cargo check,Finished `dev` profile [unoptimized + debuginfo] target(s) in 20.66s,,,,PASS with NO [patch] block; octos-app-store/transport/octosense-kernel all fetched at rev 6e9bfd40
