feature,capability,surface,group,native_status,web_src
fleet,"Fleet destination: the operator surface over peers (navigation footer entry, Start form with model+brief, rows)",Fleet destination + Start form,g-composer,missing,src-web/apps/web/src/features/fleet/FleetView.tsx:228-470; src-web/apps/web/src/features/fleet/fleet-navigation.ts:11-25
fleet,Status-word projection: event-driven peer phase -> Requested/Starting/Still starting…(>15s)/Working/Waiting for your approval|answer/Finished/Stopped/Failed/Outcome unknown,Fleet destination + Start form,g-composer,missing,src-web/apps/web/src/features/fleet/fleet-model.ts:19-175; src-web/apps/web/src/features/fleet/fleet-model.ts:279-290
fleet,"Grouping and ordering: group by goal id when a dispatch carried one, else one flat Peers group; order waiting-for-you first then working/starting/finished, stable within a rank; terminal rows collapse under Finished (n)",Fleet destination + Start form,g-composer,missing,src-web/apps/web/src/features/fleet/fleet-model.ts:39-71; src-web/apps/web/src/features/fleet/fleet-model.ts:228-260
fleet,"Union of inventory acceptance facts with the live peer roster, keyed by adopted session id, labelled Peer N · model (never the raw slug)",Fleet destination + Start form,g-composer,partial,src-web/apps/web/src/features/fleet/fleet-facts.ts:239-312; src-web/apps/web/src/features/fleet/FleetPane.tsx:1-80
fleet,"Announcements + live region: announce a peer that starts waiting for approval, and a finished peer; stay silent when nothing changed",Fleet destination + Start form,g-composer,missing,src-web/apps/web/src/features/fleet/fleet-model.ts:440-460; src-web/apps/web/src/features/fleet/FleetView.tsx:422-433
fleet,"Product copy (zh) with no protocol vocabulary, and the per-session Fleet slice (peer dock) agreeing with the Fleet view",Fleet destination + Start form,g-composer,missing,src-web/apps/web/src/features/fleet/fleet-copy.ts:14-88
session-config,Live activity word in the strip third segment (Thinking… / Running shell… / Writing…) with zh a11y announcement; strip words for ready / approval / question / another-client / peers-running / foreign-holder,Session strip + thinking,g-composer,missing,src-web/apps/web/src/features/session-config/SessionStatusStrip.tsx:44-71; src-web/apps/web/src/features/session-config/SessionStatusStrip.tsx:83-96
session-config,"Foreign/self-holder banners: tell the user another app or a peer they started is using the session, with Resume chat",Session strip + thinking,g-composer,missing,src-web/apps/web/src/features/session-config/SessionConfigPane.tsx:217-255; src-web/apps/web/src/features/session-config/seat-holder.ts:1-47
reasoning,"Folded thinking blocks in transcript (one-line summary, expand/collapse)",Reasoning effort + folded thinking,g-control,partial,src-web/apps/web/src/features/timeline/Timeline.tsx:70;src-web/apps/web/src/features/reasoning/reasoning-copy.ts:7
reasoning,Choose thinking effort for new prompts (low|medium|high|max|Profile default),Reasoning effort + folded thinking,g-control,partial,src-web/apps/web/src/features/reasoning/ReasoningDialog.tsx:71;src-web/apps/web/src/features/reasoning/model.ts:2;src-web/apps/web/src/features/reasoning/model.
reasoning,Per-Session show-reasoning toggle in Transcript,Reasoning effort + folded thinking,g-control,partial,src-web/apps/web/src/features/reasoning/ReasoningDialog.tsx:51;src-web/apps/web/src/app/App.tsx:3725
reasoning,Show-thinking browser preference default ON (fails closed),Reasoning effort + folded thinking,g-control,missing,src-web/apps/web/src/features/reasoning/show-thinking.ts:6;src-web/apps/web/src/features/reasoning/show-thinking.ts:10
media,AttachmentsDialog UI (select/upload/receipts/scope+limits),Attachments dialog,g-control,missing,src-web/apps/web/src/features/media/AttachmentsDialog.tsx:1
session-links,Clipboard-denied fallback: visible readonly textarea + 'Conversation link copied' sr-status,Inspector dialog,g-timeline,missing,src-web/apps/web/src/features/session-links/CopySessionLink.tsx:71
inspection,"Parse the native inspection slash grammar (/thread|/threads, /turn, approvals) incl. active-turn UUID resolution",Inspector dialog,g-timeline,missing,src-web/apps/web/src/features/inspection/intent.ts:9
inspection,"Read the thread graph (read-only, current head, never invented point-in-time semantics)",Inspector dialog,g-timeline,partial,src-web/apps/web/src/features/inspection/inspection-controller.ts:26
inspection,Read remembered approval scopes,Inspector dialog,g-timeline,partial,src-web/apps/web/src/features/inspection/inspection-controller.ts:26
composer,"Vim editing mode in the composer: Insert/Normal, pending operators, caret clamping inside surrogate pairs, Escape semantics that do not swallow an interruption",Vim mode in composer,g-composer,missing,src-web/apps/web/src/features/composer/vim-edit.ts:4-313; src-web/apps/web/src/features/composer/ComposerInput.tsx:220-300
session,switch to another Session (fresh open without the other session's replay cursor),Session switcher,session:list-sidebar,partial,src-web/apps/web/src/features/session/use-octos-session.ts:3184
session,restore a parked approval/question from a canonical hydrate with its generation,Resume binding + candidates,session:links-resume,partial,src-web/apps/web/src/features/session/session-interaction-ledger.ts:137
history,"Conversation checkpoints built from canonical history (session/hydrate), grouped by user-rooted thread_id (Core drop_last_n_user_turns), newest first, with preview + media/user-message counts",History / rewind dialog,g-history,partial,src-web/apps/web/src/features/history/checkpoints.ts:15-57
session,resume binding: list unverified candidates and require exact confirmation,Resume binding + candidates,session:links-resume,partial,src-web/apps/web/src/features/resume/resume-binding.ts:103
session,resume a historical Session's canonical history without starting a turn,Resume binding + candidates,session:links-resume,partial,src-web/apps/web/src/features/session/use-octos-session.ts:3675
timeline,"System notices written into the transcript (deterministic ids, readable errors)",Transcript rows,g-timeline,partial,src-web/apps/web/src/features/timeline/entry-model.ts:70
timeline,"Delivered files as attachments (server paths / upload handles), image preview, downloads; never inline in body",Transcript rows,g-timeline,partial,src-web/apps/web/src/features/timeline/AttachmentList.tsx:12
inventory,Read-only runtime tools inventory (name/category/status/policy/aliases/backend),Inventory dialog,g-control,missing,src-web/apps/web/src/features/inventory/InventoryDialog.tsx:41;src-web/apps/web/src/features/inventory/InventoryDialog.tsx:137;src-web/packages/client/src/inven
inventory,MCP server status inventory (id/transport/status/toolCount/summary),Inventory dialog,g-control,missing,src-web/apps/web/src/features/inventory/InventoryDialog.tsx:51;src-web/apps/web/src/features/inventory/InventoryDialog.tsx:170;src-web/packages/client/src/inven
inventory,Client-side search filter over tools and servers,Inventory dialog,g-control,missing,src-web/apps/web/src/features/inventory/InventoryDialog.tsx:74;src-web/apps/web/src/features/inventory/InventoryDialog.tsx:90
workspace-create,Recent-workspace picker (choose a remembered project),Workspace-create dialog,g-control,partial,src-web/apps/web/src/features/workspace-create/NewSessionWorkspacePicker.tsx:444;src-web/apps/web/src/features/workspace-create/NewSessionWorkspacePicker.tsx:45
workspace-create,Create a workspace at an explicit path (workspaceCreateRequest),Workspace-create dialog,g-control,partial,src-web/apps/web/src/features/workspace-create/NewSessionWorkspacePicker.tsx:73;src-web/apps/web/src/features/workspace-create/NewSessionWorkspacePicker.tsx:509
workspace-create,Server's working directory as the first picker entry,Workspace-create dialog,g-control,partial,src-web/apps/web/src/features/workspace-create/server-working-directory.ts:2
workspace-create,"Browse the server's folders (drill in/out, hidden+truncated reported)",Workspace-create dialog,g-control,missing,src-web/apps/web/src/features/workspace-create/workspace-browse-adapter.ts:21;src-web/apps/web/src/features/workspace-create/workspace-browse.ts:242
workspace-create,Create a folder inside the browser (pre-validated name),Workspace-create dialog,g-control,missing,src-web/apps/web/src/features/workspace-create/workspace-browse-adapter.ts:45;src-web/apps/web/src/features/workspace-create/workspace-browse.ts:165
workspace-create,Browse affordance advertised-gate (fail closed without the feature),Workspace-create dialog,g-control,missing,src-web/apps/web/src/features/workspace-create/workspace-browse-adapter.ts:25;src-web/apps/web/src/features/workspace-create/workspace-browse-picker.test.tsx:57
