method,kind,params_type,result_type,feature_flag,contract_src,web_call_sites,web_tested,native_status,native_src,notes
agent/artifact/list,request,,,coding.agent_control.v1,crates/octos-core/src/ui_protocol.rs:1071,1,yes,absent,,
agent/artifact/read,request,,,coding.agent_control.v1,crates/octos-core/src/ui_protocol.rs:1072,1,yes,absent,,
agent/artifact/updated,notification,,,,crates/octos-core/src/ui_protocol.rs:1298,0,no,decoded-only,(octos-core decode) crates/octos-core/src/ui_protocol.rs:7066; crates/octos-app-store/src/state.rs:452,DISAGREE vs phase0 protocol-matrix.csv native_files=0; native is decoded-only (evidence (octos-core decode) crates/octos-core/src/ui_protocol.rs:7066; crates/octos-app-store/src/state.rs:452)
agent/close,request,,,coding.agent_control.v1,crates/octos-core/src/ui_protocol.rs:1080,1,yes,absent,,
agent/interrupt,request,,,coding.agent_control.v1,crates/octos-core/src/ui_protocol.rs:1079,1,yes,absent,,
agent/list,request,,,coding.agent_control.v1,crates/octos-core/src/ui_protocol.rs:1068,3,yes,absent,,
agent/output/delta,notification,,,,crates/octos-core/src/ui_protocol.rs:1297,0,no,decoded-only,(octos-core decode) crates/octos-core/src/ui_protocol.rs:7063; crates/octos-app-store/src/state.rs:451,DISAGREE vs phase0 protocol-matrix.csv native_files=0; native is decoded-only (evidence (octos-core decode) crates/octos-core/src/ui_protocol.rs:7063; crates/octos-app-store/src/state.rs:451)
agent/output/read,request,,,coding.agent_control.v1,crates/octos-core/src/ui_protocol.rs:1070,1,yes,absent,,
agent/status/read,request,,,coding.agent_control.v1,crates/octos-core/src/ui_protocol.rs:1069,1,yes,absent,,
agent/updated,notification,,,,crates/octos-core/src/ui_protocol.rs:1296,1,yes,decoded-only,(octos-core decode) crates/octos-core/src/ui_protocol.rs:7062; crates/octos-app-store/src/state.rs:450,DISAGREE vs phase0 protocol-matrix.csv native_files=0; native is decoded-only (evidence (octos-core decode) crates/octos-core/src/ui_protocol.rs:7062; crates/octos-app-store/src/state.rs:450)
approval/auto_resolved,notification,,,,crates/octos-core/src/ui_protocol.rs:1129,1,no,handled,(octos-core decode) crates/octos-core/src/ui_protocol.rs:7032; crates/octos-app-store/src/state.rs:164,
approval/cancelled,notification,,,,crates/octos-core/src/ui_protocol.rs:1131,1,yes,handled,(octos-core decode) crates/octos-core/src/ui_protocol.rs:7036; crates/octos-app-store/src/state.rs:175,
approval/decided,notification,,,,crates/octos-core/src/ui_protocol.rs:1130,1,yes,handled,(octos-core decode) crates/octos-core/src/ui_protocol.rs:7035; crates/octos-app-store/src/state.rs:174,
approval/requested,notification,,,,crates/octos-core/src/ui_protocol.rs:1128,4,yes,handled,(octos-core decode) crates/octos-core/src/ui_protocol.rs:7029; crates/octos-app-store/src/state.rs:163,
approval/respond,request,ApprovalRespondParams,ApprovalRespondResult,,crates/octos-core/src/ui_protocol.rs:1036,2,yes,handled,crates/octos-app-transport/src/proto.rs:139,
approval/scopes/list,request,ApprovalScopesListParams,ApprovalScopesListResult,,crates/octos-core/src/ui_protocol.rs:1037,3,yes,absent,,
background/activity,notification,,,,crates/octos-core/src/ui_protocol.rs:1321,0,no,decoded-only,(octos-core decode) crates/octos-core/src/ui_protocol.rs:7094; crates/octos-app-store/src/state.rs:521,DISAGREE vs phase0 protocol-matrix.csv native_files=0; native is decoded-only (evidence (octos-core decode) crates/octos-core/src/ui_protocol.rs:7094; crates/octos-app-store/src/state.rs:521)
config/capabilities/list,request,,,,crates/octos-core/src/ui_protocol.rs:1030,1,yes,absent,,KIND phase0=? -> request; in neither registry list; request defined by name only
content/bulk_delete,request,ContentBulkDeleteParams,ContentBulkDeleteResult,auxiliary.rest_to_ws.v1,crates/octos-core/src/ui_protocol.rs:1244,0,no,absent,,
content/delete,request,ContentDeleteParams,ContentDeleteResult,auxiliary.rest_to_ws.v1,crates/octos-core/src/ui_protocol.rs:1242,0,no,absent,,
content/list,request,ContentListParams,ContentListResult,auxiliary.rest_to_ws.v1,crates/octos-core/src/ui_protocol.rs:1240,0,no,absent,,
context/compaction_completed,notification,,,,crates/octos-core/src/ui_protocol.rs:1310,1,yes,handled,(octos-core decode) crates/octos-core/src/ui_protocol.rs:7083; crates/octos-app-store/src/state.rs:471,DISAGREE vs phase0 protocol-matrix.csv native_files=0; native is handled (evidence (octos-core decode) crates/octos-core/src/ui_protocol.rs:7083; crates/octos-app-store/src/state.rs:471)
context/compaction_started,notification,,,,crates/octos-core/src/ui_protocol.rs:1311,1,yes,handled,(octos-core decode) crates/octos-core/src/ui_protocol.rs:7080; app/src/backend/octos_ui.rs:734,DISAGREE vs phase0 protocol-matrix.csv native_files=0; native is handled (evidence (octos-core decode) crates/octos-core/src/ui_protocol.rs:7080; app/src/backend/octos_ui.rs:734)
context/normalization_reported,notification,,,,crates/octos-core/src/ui_protocol.rs:1313,1,no,handled,(octos-core decode) crates/octos-core/src/ui_protocol.rs:7086; crates/octos-app-store/src/state.rs:487,DISAGREE vs phase0 protocol-matrix.csv native_files=0; native is handled (evidence (octos-core decode) crates/octos-core/src/ui_protocol.rs:7086; crates/octos-app-store/src/state.rs:487)
cron/list,request,CronListParams,CronListResult,auxiliary.rest_to_ws.v1,crates/octos-core/src/ui_protocol.rs:1263,0,no,absent,,
cron/toggle,request,CronToggleParams,CronToggleResult,auxiliary.rest_to_ws.v1,crates/octos-core/src/ui_protocol.rs:1265,0,no,absent,,
diff/preview/get,request,DiffPreviewGetParams,DiffPreviewGetResult,,crates/octos-core/src/ui_protocol.rs:1043,2,yes,handled,crates/octos-app-transport/src/proto.rs:142,
file/attached,notification,,,,crates/octos-core/src/ui_protocol.rs:1161,0,no,handled,(octos-core decode) crates/octos-core/src/ui_protocol.rs:7056; crates/octos-app-store/src/state.rs:180,DISAGREE vs phase0 protocol-matrix.csv native_files=0; native is handled (evidence (octos-core decode) crates/octos-core/src/ui_protocol.rs:7056; crates/octos-app-store/src/state.rs:180)
launch/resolve,request,LaunchResolveParams,LaunchResolveResult,session.workspace_cwd.v1,crates/octos-core/src/ui_protocol.rs:1272,2,yes,absent,,
loop/create,request,,,coding.loop_runtime.v1,crates/octos-core/src/ui_protocol.rs:1091,2,yes,absent,,
loop/delete,request,,,coding.loop_runtime.v1,crates/octos-core/src/ui_protocol.rs:1093,1,yes,absent,,
loop/fire_now,request,,,coding.loop_runtime.v1,crates/octos-core/src/ui_protocol.rs:1096,1,yes,absent,,
loop/fired,notification,,,,crates/octos-core/src/ui_protocol.rs:1304,1,yes,decoded-only,(octos-core decode) crates/octos-core/src/ui_protocol.rs:7076; crates/octos-app-store/src/state.rs:459,DISAGREE vs phase0 protocol-matrix.csv native_files=0; native is decoded-only (evidence (octos-core decode) crates/octos-core/src/ui_protocol.rs:7076; crates/octos-app-store/src/state.rs:459)
loop/list,request,,,coding.loop_runtime.v1,crates/octos-core/src/ui_protocol.rs:1092,2,yes,absent,,
loop/pause,request,,,coding.loop_runtime.v1,crates/octos-core/src/ui_protocol.rs:1094,1,yes,absent,,
loop/resume,request,,,coding.loop_runtime.v1,crates/octos-core/src/ui_protocol.rs:1095,1,yes,absent,,
loop/updated,notification,,,,crates/octos-core/src/ui_protocol.rs:1303,1,yes,decoded-only,(octos-core decode) crates/octos-core/src/ui_protocol.rs:7075; crates/octos-app-store/src/state.rs:458,DISAGREE vs phase0 protocol-matrix.csv native_files=0; native is decoded-only (evidence (octos-core decode) crates/octos-core/src/ui_protocol.rs:7075; crates/octos-app-store/src/state.rs:458)
memory/entity,request,MemoryEntityParams,MemoryEntityResult,auxiliary.rest_to_ws.v1,crates/octos-core/src/ui_protocol.rs:1249,0,no,absent,,
memory/ingest,request,MemoryIngestParams,MemoryIngestResult,auxiliary.rest_to_ws.v1,crates/octos-core/src/ui_protocol.rs:1261,0,no,absent,,
memory/load,request,MemoryLoadParams,MemoryLoadResult,auxiliary.rest_to_ws.v1,crates/octos-core/src/ui_protocol.rs:1258,0,no,absent,,
memory/overview,request,MemoryOverviewParams,MemoryOverviewResult,auxiliary.rest_to_ws.v1,crates/octos-core/src/ui_protocol.rs:1247,0,no,absent,,
memory/search,request,MemorySearchParams,MemorySearchResult,auxiliary.rest_to_ws.v1,crates/octos-core/src/ui_protocol.rs:1254,0,no,absent,,
message/delta,notification,,,,crates/octos-core/src/ui_protocol.rs:1123,2,yes,handled,(octos-core decode) crates/octos-core/src/ui_protocol.rs:7013; crates/octos-app-store/src/state.rs:159,
message/reasoning_delta,notification,,,,crates/octos-core/src/ui_protocol.rs:1124,2,yes,handled,(octos-core decode) crates/octos-core/src/ui_protocol.rs:7014; crates/octos-app-store/src/state.rs:173,DISAGREE vs phase0 protocol-matrix.csv native_files=0; native is handled (evidence (octos-core decode) crates/octos-core/src/ui_protocol.rs:7014; crates/octos-app-store/src/state.rs:173)
monitor/create,request,,,coding.monitor_runtime.v1,crates/octos-core/src/ui_protocol.rs:1099,2,yes,absent,,
monitor/delete,request,,,coding.monitor_runtime.v1,crates/octos-core/src/ui_protocol.rs:1103,1,yes,absent,,
monitor/expired,notification,,,,crates/octos-core/src/ui_protocol.rs:1308,1,yes,decoded-only,(octos-core decode) crates/octos-core/src/ui_protocol.rs:7079; crates/octos-app-store/src/state.rs:466,DISAGREE vs phase0 protocol-matrix.csv native_files=0; native is decoded-only (evidence (octos-core decode) crates/octos-core/src/ui_protocol.rs:7079; crates/octos-app-store/src/state.rs:466)
monitor/fired,notification,,,,crates/octos-core/src/ui_protocol.rs:1306,1,yes,decoded-only,(octos-core decode) crates/octos-core/src/ui_protocol.rs:7078; crates/octos-app-store/src/state.rs:465,DISAGREE vs phase0 protocol-matrix.csv native_files=0; native is decoded-only (evidence (octos-core decode) crates/octos-core/src/ui_protocol.rs:7078; crates/octos-app-store/src/state.rs:465)
monitor/list,request,,,coding.monitor_runtime.v1,crates/octos-core/src/ui_protocol.rs:1100,2,yes,absent,,
monitor/pause,request,,,coding.monitor_runtime.v1,crates/octos-core/src/ui_protocol.rs:1101,1,yes,absent,,
monitor/resume,request,,,coding.monitor_runtime.v1,crates/octos-core/src/ui_protocol.rs:1102,1,yes,absent,,
monitor/updated,notification,,,,crates/octos-core/src/ui_protocol.rs:1307,1,yes,decoded-only,(octos-core decode) crates/octos-core/src/ui_protocol.rs:7077; crates/octos-app-store/src/state.rs:464,DISAGREE vs phase0 protocol-matrix.csv native_files=0; native is decoded-only (evidence (octos-core decode) crates/octos-core/src/ui_protocol.rs:7077; crates/octos-app-store/src/state.rs:464)
peer/closed,notification,,,,crates/octos-core/src/ui_protocol.rs:1334,3,yes,decoded-only,(octos-core decode) crates/octos-core/src/ui_protocol.rs:7093; crates/octos-app-store/src/state.rs:512,DISAGREE vs phase0 protocol-matrix.csv native_files=0; native is decoded-only (evidence (octos-core decode) crates/octos-core/src/ui_protocol.rs:7093; crates/octos-app-store/src/state.rs:512)
peer/staged,notification,,,,crates/octos-core/src/ui_protocol.rs:1329,3,yes,decoded-only,(octos-core decode) crates/octos-core/src/ui_protocol.rs:7092; crates/octos-app-store/src/state.rs:511,DISAGREE vs phase0 protocol-matrix.csv native_files=0; native is decoded-only (evidence (octos-core decode) crates/octos-core/src/ui_protocol.rs:7092; crates/octos-app-store/src/state.rs:511)
permission/profile/list,request,PermissionProfileListParams,PermissionProfileListResult,,crates/octos-core/src/ui_protocol.rs:1041,2,yes,absent,,
permission/profile/set,request,PermissionProfileSetParams,PermissionProfileSetResult,,crates/octos-core/src/ui_protocol.rs:1042,2,yes,absent,,
plan/updated,notification,,,,crates/octos-core/src/ui_protocol.rs:1140,1,yes,decoded-only,(octos-core decode) crates/octos-core/src/ui_protocol.rs:7043; crates/octos-app-store/src/state.rs:515,DISAGREE vs phase0 protocol-matrix.csv native_files=0; native is decoded-only (evidence (octos-core decode) crates/octos-core/src/ui_protocol.rs:7043; crates/octos-app-store/src/state.rs:515)
profile/local/create,request,ProfileLocalCreateParams,ProfileLocalCreateResult,,crates/octos-core/src/ui_protocol.rs:1032,2,no,absent,,KIND phase0=? -> request
progress/updated,notification,,,,crates/octos-core/src/ui_protocol.rs:1142,2,yes,handled,(octos-core decode) crates/octos-core/src/ui_protocol.rs:7045; crates/octos-app-store/src/state.rs:167,
projection/envelope,notification,,,,crates/octos-core/src/ui_protocol.rs:1202,8,yes,handled,(octos-core decode) crates/octos-core/src/ui_protocol.rs:7107; app/src/backend/octos_ui.rs:690,DISAGREE vs phase0 protocol-matrix.csv native_files=0; native is handled (evidence (octos-core decode) crates/octos-core/src/ui_protocol.rs:7107; app/src/backend/octos_ui.rs:690)
protocol/replay_lossy,notification,,,,crates/octos-core/src/ui_protocol.rs:1148,2,yes,handled,(octos-core decode) crates/octos-core/src/ui_protocol.rs:7052; crates/octos-app-store/src/state.rs:383,DISAGREE vs phase0 protocol-matrix.csv native_files=0; native is handled (evidence (octos-core decode) crates/octos-core/src/ui_protocol.rs:7052; crates/octos-app-store/src/state.rs:383); phase0 heuristic false-negative check: decodes to ReplayLossyEvent and is consumed in state.rs
queue/state,notification,,,,crates/octos-core/src/ui_protocol.rs:1293,0,no,decoded-only,(octos-core decode) crates/octos-core/src/ui_protocol.rs:7061; crates/octos-app-store/src/state.rs:470,DISAGREE vs phase0 protocol-matrix.csv native_files=0; native is decoded-only (evidence (octos-core decode) crates/octos-core/src/ui_protocol.rs:7061; crates/octos-app-store/src/state.rs:470)
review/start,request,,,review.start.v1,crates/octos-core/src/ui_protocol.rs:1109,3,yes,absent,,
router/failover,notification,,,,crates/octos-core/src/ui_protocol.rs:1281,0,no,handled,(octos-core decode) crates/octos-core/src/ui_protocol.rs:7060; crates/octos-app-store/src/state.rs:434,DISAGREE vs phase0 protocol-matrix.csv native_files=0; native is handled (evidence (octos-core decode) crates/octos-core/src/ui_protocol.rs:7060; crates/octos-app-store/src/state.rs:434)
router/get_metrics,request,RouterGetMetricsParams,RouterGetMetricsResult,,crates/octos-core/src/ui_protocol.rs:1289,0,no,absent,,
router/set_mode,request,RouterSetModeParams,RouterSetModeResult,,crates/octos-core/src/ui_protocol.rs:1284,0,no,absent,,
router/status,notification,,,,crates/octos-core/src/ui_protocol.rs:1279,0,no,decoded-only,(octos-core decode) crates/octos-core/src/ui_protocol.rs:7059; crates/octos-app-store/src/state.rs:469,DISAGREE vs phase0 protocol-matrix.csv native_files=0; native is decoded-only (evidence (octos-core decode) crates/octos-core/src/ui_protocol.rs:7059; crates/octos-app-store/src/state.rs:469)
session/btw,request,SessionBtwParams,SessionBtwResult,,crates/octos-core/src/ui_protocol.rs:1065,3,yes,absent,,
session/delete,request,SessionDeleteParams,SessionDeleteResult,auxiliary.rest_to_ws.v1,crates/octos-core/src/ui_protocol.rs:1235,2,yes,absent,,
session/event,notification,,,,crates/octos-core/src/ui_protocol.rs:1206,0,no,decoded-only,(octos-core decode) crates/octos-core/src/ui_protocol.rs:7058; crates/octos-app-store/src/state.rs:454,DISAGREE vs phase0 protocol-matrix.csv native_files=0; native is decoded-only (evidence (octos-core decode) crates/octos-core/src/ui_protocol.rs:7058; crates/octos-app-store/src/state.rs:454)
session/files.list,request,SessionFilesListParams,SessionFilesListResult,auxiliary.rest_to_ws.v1,crates/octos-core/src/ui_protocol.rs:1226,2,yes,absent,,
session/fork,request,SessionForkParams,SessionForkResult,,crates/octos-core/src/ui_protocol.rs:1058,3,yes,absent,,
session/goal/clear,request,,,,crates/octos-core/src/ui_protocol.rs:1085,2,yes,absent,,
session/goal/cleared,notification,,,,crates/octos-core/src/ui_protocol.rs:1301,1,yes,decoded-only,(octos-core decode) crates/octos-core/src/ui_protocol.rs:7072; crates/octos-app-store/src/state.rs:457,DISAGREE vs phase0 protocol-matrix.csv native_files=0; native is decoded-only (evidence (octos-core decode) crates/octos-core/src/ui_protocol.rs:7072; crates/octos-app-store/src/state.rs:457)
session/goal/get,request,,,,crates/octos-core/src/ui_protocol.rs:1083,2,yes,absent,,
session/goal/operator_transition,request,,,,crates/octos-core/src/ui_protocol.rs:1088,0,no,absent,,
session/goal/set,request,,,,crates/octos-core/src/ui_protocol.rs:1084,2,yes,absent,,
session/goal/updated,notification,,,,crates/octos-core/src/ui_protocol.rs:1300,1,yes,decoded-only,(octos-core decode) crates/octos-core/src/ui_protocol.rs:7069; crates/octos-app-store/src/state.rs:456,DISAGREE vs phase0 protocol-matrix.csv native_files=0; native is decoded-only (evidence (octos-core decode) crates/octos-core/src/ui_protocol.rs:7069; crates/octos-app-store/src/state.rs:456)
session/hydrate,request,SessionHydrateParams,SessionHydrateResult,state.session_hydrate.v1,crates/octos-core/src/ui_protocol.rs:1050,6,yes,handled,crates/octos-app-transport/src/proto.rs:156,
session/list,request,SessionListParams,SessionListResult,auxiliary.rest_to_ws.v1,crates/octos-core/src/ui_protocol.rs:1217,5,yes,handled,crates/octos-app-transport/src/proto.rs:148,
session/messages_page,request,SessionMessagesPageParams,SessionMessagesPageResult,auxiliary.rest_to_ws.v1,crates/octos-core/src/ui_protocol.rs:1222,0,no,absent,,
session/open,request+notification,SessionOpenParams,SessionOpenResult,,crates/octos-core/src/ui_protocol.rs:1033,5,yes,handled,(octos-core decode) crates/octos-core/src/ui_protocol.rs:7011; crates/octos-app-transport/src/proto.rs:123; crates/octos-app-store/src/state.rs:157,KIND phase0=notification -> request+notification
session/orchestration,notification,,,,crates/octos-core/src/ui_protocol.rs:1315,0,no,decoded-only,(octos-core decode) crates/octos-core/src/ui_protocol.rs:7089; crates/octos-app-store/src/state.rs:453,"DISAGREE vs phase0 protocol-matrix.csv native_files=0; native is decoded-only (evidence (octos-core decode) crates/octos-core/src/ui_protocol.rs:7089; crates/octos-app-store/src/state.rs:453); KIND phase0=? -> notification; notification; added to NOTIFICATION_METHODS only in a6ea8505, absent from the 4231669 list"
session/rollback,request,SessionRollbackParams,SessionRollbackResult,,crates/octos-core/src/ui_protocol.rs:1054,3,yes,absent,,
session/snapshot,request,SessionSnapshotParams,SessionSnapshotResult,auxiliary.rest_to_ws.v1,crates/octos-core/src/ui_protocol.rs:1220,0,no,absent,,
session/status.get,request,SessionStatusGetParams,SessionStatusGetResult,auxiliary.rest_to_ws.v1,crates/octos-core/src/ui_protocol.rs:1224,0,no,absent,,
session/status/read,request,,,,crates/octos-core/src/ui_protocol.rs:1031,4,yes,absent,,KIND phase0=? -> request; in neither registry list; superseded by session/status.get (SESSION_STATUS_GET @1224)
session/tasks.list,request,SessionTasksListParams,SessionTasksListResult,auxiliary.rest_to_ws.v1,crates/octos-core/src/ui_protocol.rs:1228,0,no,absent,,
session/title.set,request,SessionTitleSetParams,SessionTitleSetResult,auxiliary.rest_to_ws.v1,crates/octos-core/src/ui_protocol.rs:1233,0,no,absent,,
session/workspace.get,request,SessionWorkspaceGetParams,SessionWorkspaceGetResult,auxiliary.rest_to_ws.v1,crates/octos-core/src/ui_protocol.rs:1231,0,no,absent,,
skill/action/job/updated,notification,,,,crates/octos-core/src/ui_protocol.rs:1190,0,no,decoded-only,(octos-core decode) crates/octos-core/src/ui_protocol.rs:7023; crates/octos-app-store/src/state.rs:506,DISAGREE vs phase0 protocol-matrix.csv native_files=0; native is decoded-only (evidence (octos-core decode) crates/octos-core/src/ui_protocol.rs:7023; crates/octos-app-store/src/state.rs:506)
smart_home/camera.stream_start,request,SmartHomeCameraStreamStartParams,SmartHomeCameraStreamStartResult,smart_home.v1,crates/octos-core/src/ui_protocol.rs:1350,0,no,absent,,
smart_home/camera.stream_stop,request,SmartHomeCameraStreamStopParams,SmartHomeCameraStreamStopResult,smart_home.v1,crates/octos-core/src/ui_protocol.rs:1352,0,no,absent,,
smart_home/device.command,request,SmartHomeDeviceCommandParams,SmartHomeDeviceCommandResult,smart_home.v1,crates/octos-core/src/ui_protocol.rs:1348,0,no,absent,,
smart_home/device.list,request,SmartHomeDeviceListParams,SmartHomeDeviceListResult,smart_home.v1,crates/octos-core/src/ui_protocol.rs:1346,0,no,absent,,
smart_home/status.get,request,SmartHomeStatusGetParams,SmartHomeStatusGetResult,smart_home.v1,crates/octos-core/src/ui_protocol.rs:1344,0,no,absent,,
system/status.get,request,SystemStatusGetParams,SystemStatusGetResult,auxiliary.rest_to_ws.v1,crates/octos-core/src/ui_protocol.rs:1238,0,no,absent,,
task/artifact/list,request,TaskArtifactListParams,TaskArtifactListResult,harness.task_control.v1,crates/octos-core/src/ui_protocol.rs:1077,2,no,absent,,
task/artifact/read,request,TaskArtifactReadParams,TaskArtifactReadResult,harness.task_control.v1,crates/octos-core/src/ui_protocol.rs:1078,2,no,absent,,
task/cancel,request,TaskCancelParams,TaskCancelResult,,crates/octos-core/src/ui_protocol.rs:1045,2,no,absent,,
task/list,request,TaskListParams,TaskListResult,,crates/octos-core/src/ui_protocol.rs:1044,3,yes,absent,,
task/output/delta,notification,,,,crates/octos-core/src/ui_protocol.rs:1141,1,no,handled,(octos-core decode) crates/octos-core/src/ui_protocol.rs:7044; crates/octos-app-store/src/state.rs:166,
task/output/read,request,TaskOutputReadParams,TaskOutputReadResult,,crates/octos-core/src/ui_protocol.rs:1047,2,no,handled,crates/octos-app-transport/src/proto.rs:145,
task/restart_from_node,request,TaskRestartFromNodeParams,TaskRestartFromNodeResult,,crates/octos-core/src/ui_protocol.rs:1046,0,no,absent,,
task/updated,notification,,,,crates/octos-core/src/ui_protocol.rs:1137,1,yes,handled,(octos-core decode) crates/octos-core/src/ui_protocol.rs:7042; crates/octos-app-store/src/state.rs:165,
thread/graph/get,request,ThreadGraphGetParams,ThreadGraphGetResult,state.thread_graph.v1,crates/octos-core/src/ui_protocol.rs:1060,3,yes,absent,,
tool/completed,notification,,,,crates/octos-core/src/ui_protocol.rs:1127,2,yes,handled,(octos-core decode) crates/octos-core/src/ui_protocol.rs:7028; crates/octos-app-store/src/state.rs:162,
tool/progress,notification,,,,crates/octos-core/src/ui_protocol.rs:1126,2,yes,handled,(octos-core decode) crates/octos-core/src/ui_protocol.rs:7027; crates/octos-app-store/src/state.rs:161,
tool/started,notification,,,,crates/octos-core/src/ui_protocol.rs:1125,2,yes,handled,(octos-core decode) crates/octos-core/src/ui_protocol.rs:7026; crates/octos-app-store/src/state.rs:160,
turn/completed,notification,,,,crates/octos-core/src/ui_protocol.rs:1112,4,yes,handled,(octos-core decode) crates/octos-core/src/ui_protocol.rs:7047; crates/octos-app-store/src/state.rs:169,
turn/error,notification,,,,crates/octos-core/src/ui_protocol.rs:1113,5,yes,handled,(octos-core decode) crates/octos-core/src/ui_protocol.rs:7048; crates/octos-app-store/src/state.rs:170,DISAGREE vs phase0 protocol-matrix.csv native_files=0; native is handled (evidence (octos-core decode) crates/octos-core/src/ui_protocol.rs:7048; crates/octos-app-store/src/state.rs:170)
turn/interrupt,request,TurnInterruptParams,TurnInterruptResult,,crates/octos-core/src/ui_protocol.rs:1035,4,yes,handled,crates/octos-app-transport/src/proto.rs:136,
turn/spawn_complete,notification,,,,crates/octos-core/src/ui_protocol.rs:1157,0,no,decoded-only,(octos-core decode) crates/octos-core/src/ui_protocol.rs:7053; crates/octos-app-store/src/state.rs:449,DISAGREE vs phase0 protocol-matrix.csv native_files=0; native is decoded-only (evidence (octos-core decode) crates/octos-core/src/ui_protocol.rs:7053; crates/octos-app-store/src/state.rs:449)
turn/start,request,TurnStartParams,TurnStartResult,,crates/octos-core/src/ui_protocol.rs:1034,8,yes,handled,crates/octos-app-transport/src/proto.rs:133,
turn/started,notification,,,,crates/octos-core/src/ui_protocol.rs:1111,2,yes,handled,(octos-core decode) crates/octos-core/src/ui_protocol.rs:7012; crates/octos-app-store/src/state.rs:158,
turn/state/get,request,TurnStateGetParams,TurnStateGetResult,state.turn_state_get.v1,crates/octos-core/src/ui_protocol.rs:1062,6,yes,absent,,
turn/steer_dropped,notification,,,,crates/octos-core/src/ui_protocol.rs:1122,1,yes,decoded-only,(octos-core decode) crates/octos-core/src/ui_protocol.rs:7049; crates/octos-app-store/src/state.rs:520,"DISAGREE vs phase0 protocol-matrix.csv native_files=0; native is decoded-only (evidence (octos-core decode) crates/octos-core/src/ui_protocol.rs:7049; crates/octos-app-store/src/state.rs:520); KIND phase0=? -> notification; notification; added to NOTIFICATION_METHODS only in a6ea8505, absent from the 4231669 list"
user_question/requested,notification,,,,crates/octos-core/src/ui_protocol.rs:1136,4,yes,handled,(octos-core decode) crates/octos-core/src/ui_protocol.rs:7039; crates/octos-app-store/src/state.rs:176,DISAGREE vs phase0 protocol-matrix.csv native_files=0; native is handled (evidence (octos-core decode) crates/octos-core/src/ui_protocol.rs:7039; crates/octos-app-store/src/state.rs:176)
user_question/respond,request,UserQuestionRespondParams,UserQuestionRespondResult,user_question.v1,crates/octos-core/src/ui_protocol.rs:1040,2,yes,absent,,
visual/failed,notification,,,,crates/octos-core/src/ui_protocol.rs:1179,0,no,handled,(octos-core decode) crates/octos-core/src/ui_protocol.rs:7021; crates/octos-app-store/src/state.rs:179,DISAGREE vs phase0 protocol-matrix.csv native_files=0; native is handled (evidence (octos-core decode) crates/octos-core/src/ui_protocol.rs:7021; crates/octos-app-store/src/state.rs:179)
visual/generating,notification,,,,crates/octos-core/src/ui_protocol.rs:1170,0,no,handled,(octos-core decode) crates/octos-core/src/ui_protocol.rs:7017; crates/octos-app-store/src/state.rs:177,DISAGREE vs phase0 protocol-matrix.csv native_files=0; native is handled (evidence (octos-core decode) crates/octos-core/src/ui_protocol.rs:7017; crates/octos-app-store/src/state.rs:177)
visual/succeeded,notification,,,,crates/octos-core/src/ui_protocol.rs:1176,0,no,handled,(octos-core decode) crates/octos-core/src/ui_protocol.rs:7020; crates/octos-app-store/src/state.rs:178,DISAGREE vs phase0 protocol-matrix.csv native_files=0; native is handled (evidence (octos-core decode) crates/octos-core/src/ui_protocol.rs:7020; crates/octos-app-store/src/state.rs:178)
voice/audio_chunk,notification,,,,crates/octos-core/src/ui_protocol.rs:1194,0,no,decoded-only,(octos-core decode) crates/octos-core/src/ui_protocol.rs:7057; crates/octos-app-store/src/state.rs:496,DISAGREE vs phase0 protocol-matrix.csv native_files=0; native is decoded-only (evidence (octos-core decode) crates/octos-core/src/ui_protocol.rs:7057; crates/octos-app-store/src/state.rs:496)
voice/exit,notification,,,,crates/octos-core/src/ui_protocol.rs:1187,0,no,decoded-only,(octos-core decode) crates/octos-core/src/ui_protocol.rs:7022; crates/octos-app-store/src/state.rs:495,DISAGREE vs phase0 protocol-matrix.csv native_files=0; native is decoded-only (evidence (octos-core decode) crates/octos-core/src/ui_protocol.rs:7022; crates/octos-app-store/src/state.rs:495)
warning,notification,,,,crates/octos-core/src/ui_protocol.rs:1143,1,yes,handled,(octos-core decode) crates/octos-core/src/ui_protocol.rs:7046; crates/octos-app-store/src/state.rs:168,DISAGREE vs phase0 protocol-matrix.csv native_files=0; native is handled (evidence (octos-core decode) crates/octos-core/src/ui_protocol.rs:7046; crates/octos-app-store/src/state.rs:168)
