area,screen,state,window,reference,capture,score,checks,notes
chrome,header,before,desktop 990x603 (shell 1400x900),design/stage-a/phase4-new2/atlas.png #1,docs/ux/chrome/before-desktop.png,2,"settings_open_hit [260,101,44,30] holds ""Settings"" (~58 px) -> rendered ""Setti"" (truncated) inside the 260 px sidebar header",Review/Settings tabs squeezed into the sidebar brand row; no conversation header
chrome,sidebar,before,desktop 990x603 (shell 1400x900),design/stage-a/phase4-new2/atlas.png #1,docs/ux/chrome/before-desktop.png,3,"thread_list [66,627,225,40]: one row visible under GOALS/LOOPS/FLEET; no search/mode/groups","#16 component rows, 17 px type, no workspace grouping, no statuses"
chrome,sidebar,before,phone 360x780 (iOS shell + OCTOSENSE_WINDOW_SIZE frame),design/stage-a/phase4-new2/atlas.png #5,docs/ux/chrome/before-phone.png,3,no drawer: the <760 toggle replaced the conversation with the sidebar,"compact navigation was a drill-down, not a drawer"
chrome,01 sidebar grouped,after,desktop 990x603 (shell 1400x900),design/stage-a/phase4-new2/atlas.png #1,docs/ux/chrome/after-desktop-01.png,9,"tools/walk/a3_chrome_walk.py: rows 32 px, headers 36 px, one left edge x=64, hit targets >=28 (0 below), header labels inside pills (Review 44<=86, Settings 50<=92)","web behaviour adds status dots + active-row tint in grouped mode; relative time follows relative-time.ts (""1d"" not the board's ""Yesterday""); muted ""⋯"" and the rail toggle are visible"
chrome,01 sidebar grouped,after,phone 360x780 (iOS shell + OCTOSENSE_WINDOW_SIZE frame),design/stage-a/phase4-new2/atlas.png #1,docs/ux/chrome/after-phone-01.png,9,"tools/walk/a3_chrome_walk.py phone: drawer 312 = min(320, 360-48), rows 32, headers 36, one left edge x=10",same content in the drawer
chrome,02 sidebar statuses,after,desktop 990x603 (shell 1400x900),design/stage-a/phase4-new2/atlas.png #2,docs/ux/chrome/after-desktop-02.png,9,"flat list: 5 rows, 0 group headers; running (blue + halo) / waiting (amber) / failed (red) / done (check) / idle (ring)",flat order is the web's recency sort (board lists in group order)
chrome,02 sidebar statuses,after,phone 360x780 (iOS shell + OCTOSENSE_WINDOW_SIZE frame),design/stage-a/phase4-new2/atlas.png #2,docs/ux/chrome/after-phone-02.png,9,"drawer flat list, same statuses",
chrome,03 sidebar search,after,desktop 990x603 (shell 1400x900),design/stage-a/phase4-new2/atlas.png #3,docs/ux/chrome/after-desktop-03.png,9,"typed ""hydrate"": 1 hit with highlight label text ""hydrate"", empty-group note ""No chats in octos match “hydrate”"", Clear search link, clear x 28x28",the hit lives in octoscode-app (board 1's fixture); board 3 drew it under octos
chrome,03 sidebar search,after,phone 360x780 (iOS shell + OCTOSENSE_WINDOW_SIZE frame),design/stage-a/phase4-new2/atlas.png #3,docs/ux/chrome/after-phone-03.png,9,same in the drawer,
chrome,04 workspace collapsed + menu,after,desktop 990x603 (shell 1400x900),design/stage-a/phase4-new2/atlas.png #4,docs/ux/chrome/after-desktop-04.png,9,"collapsed group shows count badge ""3""; ""⋯"" 32x28 with tint; menu items 34 px tall","menu drops below the ""⋯"" inside the sidebar (board overhangs right); no divider under the collapsed group"
chrome,04 workspace collapsed + menu,after,phone 360x780 (iOS shell + OCTOSENSE_WINDOW_SIZE frame),design/stage-a/phase4-new2/atlas.png #4,docs/ux/chrome/after-phone-04.png,9,same in the drawer,
chrome,05 compact drawer,after,phone 360x780 (iOS shell + OCTOSENSE_WINDOW_SIZE frame),design/stage-a/phase4-new2/atlas.png #5,docs/ux/chrome/after-phone-01.png,9,"drawer_scrim visible over the conversation; drawer [0,74,312,776]; close x 32x32; opening a row dismisses it (walk)",no keyboard focus ring on the first row (no tree keyboard navigation yet)
chrome,sidebar rail (web .collapsed),after,desktop 990x603 (shell 1400x900),src-web ProductSidebar.module.css .collapsed,docs/ux/chrome/after-desktop-rail.png,9,"threads_column width 56, spacer 57; rail buttons 36x36",not on the board; the web's collapsed rail
chrome,06 settings general,after,desktop 990x603 (shell 1400x900),design/stage-a/phase4-new2/atlas.png #6,docs/ux/chrome/after-desktop-06.png,9,"dialog [149,142,800,472] centred (web min(800, w-48)); nav cells 40 px; toggle hit 44x32; rows wrap",desktop follows the web dialog (labelled nav); phone is the board's rail
chrome,06 settings general,after,phone 360x780 (iOS shell + OCTOSENSE_WINDOW_SIZE frame),design/stage-a/phase4-new2/atlas.png #6,docs/ux/chrome/after-phone-06.png,9,"sheet [0,74,360,776]; rail cells 40x40; help text wraps (3 lines); server row two-line at 255 px",
chrome,07 stop server confirm,after,desktop 990x603 (shell 1400x900),design/stage-a/phase4-new2/atlas.png #7,docs/ux/chrome/after-desktop-07.png,9,"dialog 400 max, buttons 44 tall; walk: request -> dialog shown, Cancel -> hidden and no ""settings sent: server.stop.confirm""",
chrome,07 stop server confirm,after,phone 360x780 (iOS shell + OCTOSENSE_WINDOW_SIZE frame),design/stage-a/phase4-new2/atlas.png #7,docs/ux/chrome/after-phone-07.png,9,"dialog 328 wide, buttons flex 134 each",
chrome,08 settings permissions,after,desktop 990x603 (shell 1400x900),design/stage-a/phase4-new2/atlas.png #8,docs/ux/chrome/after-desktop-08.png,9,radio rows >= 62 px hits; readback line,
chrome,08 settings permissions,after,phone 360x780 (iOS shell + OCTOSENSE_WINDOW_SIZE frame),design/stage-a/phase4-new2/atlas.png #8,docs/ux/chrome/after-phone-08.png,9,help lines wrap,
chrome,09 settings sandbox,after,desktop 990x603 (shell 1400x900),design/stage-a/phase4-new2/atlas.png #9,docs/ux/chrome/after-desktop-09.png,9,three toggles 44x32 hits,"footnote follows the web semantics (""Applies to new chats…"", sandbox fixed at open) instead of the board's ""new turns in this session"""
chrome,09 settings sandbox,after,phone 360x780 (iOS shell + OCTOSENSE_WINDOW_SIZE frame),design/stage-a/phase4-new2/atlas.png #9,docs/ux/chrome/after-phone-09.png,9,help lines wrap,
chrome,10 new-chat defaults,after,desktop 990x603 (shell 1400x900),design/stage-a/phase4-new2/atlas.png #10,docs/ux/chrome/after-desktop-10.png,8,strip above an empty conversation; Change link 72x30 -> Settings Sandbox (walk),"strip itself 9; the board's centred empty state (""Ask Octos anything"") is the conversation pane (A1); no chevron on v4-flash in the strip"
chrome,10 new-chat defaults,after,phone 360x780 (iOS shell + OCTOSENSE_WINDOW_SIZE frame),design/stage-a/phase4-new2/atlas.png #10,docs/ux/chrome/after-phone-10.png,8,strip wraps to 2 lines at 360,same note
chrome,11 settings model + thinking,after,desktop 990x603 (shell 1400x900),design/stage-a/phase4-new2/atlas.png #11,docs/ux/chrome/after-desktop-11.png,9,segments 60x30; model value button 32 tall,
chrome,11 settings model + thinking,after,phone 360x780 (iOS shell + OCTOSENSE_WINDOW_SIZE frame),design/stage-a/phase4-new2/atlas.png #11,docs/ux/chrome/after-phone-11.png,9,"""Thinking"" stays one word; segments fit 188",
chrome,12 held by another client,after,desktop 990x603 (shell 1400x900),design/stage-a/phase4-new2/atlas.png #12,docs/ux/chrome/after-desktop-12.png,8,banner full width under the header; Take over 100x36,"banner itself 9; the read-only composer (""Read-only while another client has control"") is the composer (A1)"
chrome,12 held by another client,after,phone 360x780 (iOS shell + OCTOSENSE_WINDOW_SIZE frame),design/stage-a/phase4-new2/atlas.png #12,docs/ux/chrome/after-phone-12.png,8,banner wraps to 3 lines at 360,same note
chrome,01 sidebar grouped (dark),after,"desktop 990x603 (shell 1400x900), OCTOSCODE_THEME=dark",design/stage-a/phase4-new2/atlas.png #1 (structure),docs/ux/chrome/after-desktop-dark-01.png,9,same geometry as light (walk checks are theme-independent); fields/tracks/pills read the dark roles,board is light-only; dark palette from screens::theme roles
chrome,06 settings general (dark),after,"desktop 990x603 (shell 1400x900), OCTOSCODE_THEME=dark",design/stage-a/phase4-new2/atlas.png #6 (structure),docs/ux/chrome/after-desktop-dark-06.png,9,"dialog, nav, rows identical to light; light icons",board is light-only
conversation,connect,before,desktop 990x603 (shell 1400x900),design/stage-a/desktop/atlas.png #4 FIRST RUN; src-web ConnectionGate.tsx,docs/ux/conversation/before-desktop-connect.png,5,"card text x=339 while the pane starts at 315 (not centred); ""Use local solo server"" ends at y=679 = the module bottom; token field empty after a restart",the old L0 card at artboard coordinates
conversation,connect,before,phone 412x794 (Android shell),design/stage-a/desktop/atlas.png #4 FIRST RUN; src-web ConnectionGate.tsx,docs/ux/conversation/before-phone412-connect.png,4,server text sits on the field bottom edge; token empty (not remembered); card top cut under the status bar,"Android shell, the old L0 card"
conversation,empty new chat,before,desktop 990x603 (shell 1400x900),design/stage-a/conversation/atlas.png #2 NEW CHAT; src-web Timeline.tsx:111-134,docs/ux/conversation/before-desktop-empty.png,3,i0_composer 374 px wide at x=335 inside a 693 px row (left-aligned); no empty state,the 406 px artboard composer on the desktop
conversation,running turn,before,desktop 990x603 (shell 1400x900),design/stage-a/conversation/atlas.png #3 STREAMING TURN + #4 TOOL CELLS + #8 stop,docs/ux/conversation/before-desktop-running.png,4,tool cards 371x75 with the status word on its own line; prose 356 px wide,artboard widths frozen in a 693 px pane
conversation,completed turn,before,desktop 990x603 (shell 1400x900),design/stage-a/conversation/atlas.png #9 COMPLETED ANSWER + #4; design/stage-a/desktop/atlas.png #1,docs/ux/conversation/before-desktop-completed.png,4,"i4_assistantprose 356 px wide at x=335 ABOVE its tools; tool cards 371x75, ""done"" at y+28 on its own line; ""Worked for"" after the tools; timestamp label 673 px wide (text far right)",answer order and widths from the 406 px boards
conversation,completed turn,before,phone 412x794 (Android shell),design/stage-a/conversation/atlas.png #9 COMPLETED ANSWER + #4; design/stage-a/desktop/atlas.png #1,docs/ux/conversation/before-phone412-toolcard-gaps.png,7,"row_hit 48 px over 40 px tool rows (/snap): items grew, 8-14 px gaps split the tool card; clicked rows kept a hover tint","found during A1 (build 141fd05, live turn); fixed in b46a944 (hits ride fixed-height headers)"
conversation,connect,after,desktop 990x603 (shell 1400x900),design/stage-a/desktop/atlas.png #4 FIRST RUN; src-web ConnectionGate.tsx,docs/ux/conversation/after-desktop-connect.png,9,tools/a1/ux_checks.py: 6/6 pass; card gutters 124/125; card 480<=480; card inside; text 6/6 inside; 3 controls>=28,"build 91363b1, after a restart: server + token prefilled from the per-origin 0600 store (masked, eye toggle)"
conversation,empty new chat,after,desktop 990x603 (shell 1400x900),design/stage-a/conversation/atlas.png #2 NEW CHAT; src-web Timeline.tsx:111-134,docs/ux/conversation/after-desktop-empty.png,9,tools/a1/ux_checks.py: 6/6 pass; composer 661=661; text 12/12 inside; 4 controls>=28; 0 rows no overlap,build 91363b1; centred empty state under A3's header and defaults strip
conversation,composer,after,desktop 990x603 (shell 1400x900),design/stage-a/conversation/atlas.png #8 COMPOSER STATES; src-web styles.css .composer,docs/ux/conversation/after-desktop-typed.png,9,tools/a1/ux_checks.py: 6/6 pass; composer 661=661; text 12/12 inside; 4 controls>=28; 0 rows no overlap,"build 91363b1; typed one key per /t: the first character stays visible, one composer mount in the log"
conversation,composer,after,desktop 990x603 (shell 1400x900),design/stage-a/conversation/atlas.png #8 COMPOSER STATES; src-web styles.css .composer,docs/ux/conversation/after-desktop-zh-typed.png,9,tools/a1/ux_checks.py: 6/6 pass; composer 661=661; text 12/12 inside; 4 controls>=28; 0 rows no overlap,"build 141fd05, LIVE: a 116-char Chinese prompt typed per key, wrapped in the card"
conversation,running turn,after,desktop 990x603 (shell 1400x900),design/stage-a/conversation/atlas.png #3 STREAMING TURN + #4 TOOL CELLS + #8 stop,docs/ux/conversation/after-desktop-zh-running.png,9,tools/a1/ux_checks.py: 12/12 pass; column 661=661; gutters 24/24; composer 661=661; composer text dx 16; text 17/17 inside; 6 controls>=28; 4 rows no overlap,"build 141fd05, LIVE turn: 2 compact tool rows + ""Working · 3s"", stop glyph in the composer"
conversation,running turn,after,desktop 990x603 (shell 1400x900),design/stage-a/conversation/atlas.png #3 STREAMING TURN + #4 TOOL CELLS + #8 stop,docs/ux/conversation/after-desktop-running.png,9,tools/a1/ux_checks.py: 13/13 pass; column 661=661; gutters 24/24; composer 661=661; composer text dx 16; text 22/22 inside; 7 controls>=28; 6 rows no overlap,"build 91363b1, capture seed OCTOSCODE_SYNTHETIC_TOOLS=running (last call Running with spinner)"
conversation,completed turn,after,desktop 990x603 (shell 1400x900),design/stage-a/conversation/atlas.png #9 COMPLETED ANSWER + #4; design/stage-a/desktop/atlas.png #1,docs/ux/conversation/after-desktop-zh-completed.png,9,tools/a1/ux_checks.py: 13/13 pass; column 661=661; gutters 24/24; composer 661=661; composer text dx 16; text 25/25 inside; 9 controls>=28; 7 rows no overlap,"build 141fd05, LIVE: Worked for 5s · 3 tool calls, one compact card, heading + bullets + toml block, actions + time"
conversation,completed turn,after,desktop 990x603 (shell 1400x900),design/stage-a/conversation/atlas.png #9 COMPLETED ANSWER + #4; design/stage-a/desktop/atlas.png #1,docs/ux/conversation/after-desktop-completed.png,9,tools/a1/ux_checks.py: 13/13 pass; column 661=661; gutters 24/24; composer 661=661; composer text dx 16; text 25/25 inside; 9 controls>=28; 7 rows no overlap,"build 91363b1, capture seed OCTOSCODE_SYNTHETIC_TOOLS=1"
conversation,tool row open,after,desktop 990x603 (shell 1400x900),design/stage-a/conversation/atlas.png #4 TOOL CELLS; src-web Timeline.module.css .toolBlock,docs/ux/conversation/after-desktop-tool-open.png,9,tools/a1/ux_checks.py: 13/13 pass; column 661=661; gutters 24/24; composer 661=661; composer text dx 16; text 26/26 inside; 9 controls>=28; 7 rows no overlap,build 91363b1; opened by a click on its header (log: tool.toggle seed-t1-0 open)
conversation,worked-for folded,after,desktop 990x603 (shell 1400x900),"design/stage-a/conversation/atlas.png #9 (Worked for, folded)",docs/ux/conversation/after-desktop-folded.png,9,tools/a1/ux_checks.py: 13/13 pass; column 661=661; gutters 24/24; composer 661=661; composer text dx 16; text 13/13 inside; 6 controls>=28; 4 rows no overlap,build 91363b1; folded by a click (log: answer.expand: turn t1 tools folded)
conversation,composer,after,"maximized 1376x812 (shell 1400x900, Super+Alt+F)",design/stage-a/conversation/atlas.png #8 COMPOSER STATES; src-web styles.css .composer,docs/ux/conversation/after-max-typed.png,9,tools/a1/ux_checks.py: 6/6 pass; composer 885=885; text 12/12 inside; 4 controls>=28; 0 rows no overlap,build 91363b1; the typed draft survives the resize (no remount: the composer DSL carries no width)
conversation,running turn,after,"maximized 1376x812 (shell 1400x900, Super+Alt+F)",design/stage-a/conversation/atlas.png #3 STREAMING TURN + #4 TOOL CELLS + #8 stop,docs/ux/conversation/after-max-running.png,9,tools/a1/ux_checks.py: 13/13 pass; column 853=853; gutters 121/121; composer 885=885; composer text dx 0; text 22/22 inside; 7 controls>=28; 6 rows no overlap,"build 91363b1, seed running; 62vw column, prose at the 75ch measure"
conversation,completed turn,after,"maximized 1376x812 (shell 1400x900, Super+Alt+F)",design/stage-a/conversation/atlas.png #9 COMPLETED ANSWER + #4; design/stage-a/desktop/atlas.png #1,docs/ux/conversation/after-max-completed.png,9,tools/a1/ux_checks.py: 13/13 pass; column 853=853; gutters 121/121; composer 885=885; composer text dx 0; text 25/25 inside; 9 controls>=28; 7 rows no overlap,"build 91363b1, seed 1"
conversation,chinese conversation,after,"maximized 1376x812 (shell 1400x900, Super+Alt+F)",design/stage-a/conversation/atlas.png #9 + #3; Inter + Noto Sans SC (sans CJK),docs/ux/conversation/after-max-zh.png,8,tools/a1/ux_checks.py: 13/13 pass; column 853=853; gutters 121/121; composer 885=885; composer text dx 0; text 24/24 inside; 9 controls>=28; 8 rows no overlap,"build 91363b1, seed zh (the live answer text); -1: a line-final 。 wraps alone (makepad layouter has no CJK line-start rule; patch in the A1 report)"
conversation,running turn,after,phone 412x794 (Android shell),design/stage-a/conversation/atlas.png #3 STREAMING TURN + #4 TOOL CELLS + #8 stop,docs/ux/conversation/after-phone412-running.png,9,tools/a1/ux_checks.py: 13/13 pass; column 380=380; gutters 16/16; composer 388=388; composer text dx 12; text 20/20 inside; 7 controls>=28; 6 rows no overlap,"build 91363b1, seed running"
conversation,completed turn,after,phone 412x794 (Android shell),design/stage-a/conversation/atlas.png #9 COMPLETED ANSWER + #4; design/stage-a/desktop/atlas.png #1,docs/ux/conversation/after-phone412-completed.png,9,tools/a1/ux_checks.py: 13/13 pass; column 380=380; gutters 16/16; composer 388=388; composer text dx 12; text 23/23 inside; 9 controls>=28; 7 rows no overlap,"build 91363b1, seed 1; one contiguous tool card (no hit-height gaps)"
conversation,chinese conversation,after,phone 412x794 (Android shell),design/stage-a/conversation/atlas.png #9 + #3; Inter + Noto Sans SC (sans CJK),docs/ux/conversation/after-phone412-zh.png,9,tools/a1/ux_checks.py: 14/14 pass; column 380=380; gutters 16/16; composer 388=388; composer text dx 12; text 26/26 inside; 10 controls>=28; 10 rows no overlap,"build 91363b1, seed zh"
conversation,connect,after,phone 360x780 (iOS shell + OCTOSENSE_WINDOW_SIZE frame),design/stage-a/desktop/atlas.png #4 FIRST RUN; src-web ConnectionGate.tsx,docs/ux/conversation/after-phone360-connect.png,9,tools/a1/ux_checks.py: 6/6 pass; card gutters 16/16; card 328<=480; card inside; text 6/6 inside; 3 controls>=28,"build 91363b1; card 328 px, 16/16 gutters, prefilled + masked"
conversation,empty new chat,after,phone 360x780 (iOS shell + OCTOSENSE_WINDOW_SIZE frame),design/stage-a/conversation/atlas.png #2 NEW CHAT; src-web Timeline.tsx:111-134,docs/ux/conversation/after-phone360-empty.png,9,tools/a1/ux_checks.py: 6/6 pass; composer 336=336; text 10/10 inside; 4 controls>=28; 0 rows no overlap,build 91363b1
conversation,composer,after,phone 360x780 (iOS shell + OCTOSENSE_WINDOW_SIZE frame),design/stage-a/conversation/atlas.png #8 COMPOSER STATES; src-web styles.css .composer,docs/ux/conversation/after-phone360-typed.png,9,tools/a1/ux_checks.py: 6/6 pass; composer 336=336; text 10/10 inside; 4 controls>=28; 0 rows no overlap,"build 91363b1; send 32x32 (was cut to 15 px), labels 13 px"
conversation,running turn,after,phone 360x780 (iOS shell + OCTOSENSE_WINDOW_SIZE frame),design/stage-a/conversation/atlas.png #3 STREAMING TURN + #4 TOOL CELLS + #8 stop,docs/ux/conversation/after-phone360-running.png,9,tools/a1/ux_checks.py: 13/13 pass; column 328=328; gutters 16/16; composer 336=336; composer text dx 12; text 20/20 inside; 7 controls>=28; 6 rows no overlap,"build 91363b1, seed running"
conversation,completed turn,after,phone 360x780 (iOS shell + OCTOSENSE_WINDOW_SIZE frame),design/stage-a/conversation/atlas.png #9 COMPLETED ANSWER + #4; design/stage-a/desktop/atlas.png #1,docs/ux/conversation/after-phone360-completed.png,9,tools/a1/ux_checks.py: 13/13 pass; column 328=328; gutters 16/16; composer 336=336; composer text dx 12; text 23/23 inside; 9 controls>=28; 7 rows no overlap,"build 91363b1, seed 1; targets ellipsize inside the row"
conversation,chinese conversation,after,phone 360x780 (iOS shell + OCTOSENSE_WINDOW_SIZE frame),design/stage-a/conversation/atlas.png #9 + #3; Inter + Noto Sans SC (sans CJK),docs/ux/conversation/after-phone360-zh.png,8,tools/a1/ux_checks.py: 14/14 pass; column 328=328; gutters 16/16; composer 336=336; composer text dx 12; text 22/22 inside; 9 controls>=28; 8 rows no overlap,"build 91363b1, seed zh; -1: ""再列出 ."" / ""octos"" splits a dot-word (makepad layouter merges ""."" backwards only; patch in the A1 report)"
conversation,chinese conversation,after,phone 360x780 (iOS shell + OCTOSENSE_WINDOW_SIZE frame),design/stage-a/conversation/atlas.png #9 + #3; Inter + Noto Sans SC (sans CJK),docs/ux/conversation/after-phone360-zh-live.png,8,tools/a1/ux_checks.py: 13/13 pass; column 328=328; gutters 16/16; composer 336=336; composer text dx 12; text 13/13 inside; 7 controls>=28; 5 rows no overlap,"build d79504f (before the A3 merge), LIVE turn, Android shell + 360 width; -1: a ""，"" after an inline-code chip starts a line (renderer)"
conversation,composer,after,phone 320x780 (iOS shell + OCTOSENSE_WINDOW_SIZE frame),design/stage-a/conversation/atlas.png #8 COMPOSER STATES; src-web styles.css .composer,docs/ux/conversation/after-phone320-composer.png,9,tools/a1/ux_checks.py: 6/6 pass; composer 296=296; text 10/10 inside; 4 controls>=28; 0 rows no overlap,"build 141fd05; below the 360 target the pill and model labels ellipsize, every control stays whole"
